unix_time,elapsed_minutes,rss_gb,system_used_gb,gpu0_allocated_mb,gpu0_reserved_mb,gpu0_max_reserved_mb,gpu1_allocated_mb,gpu1_reserved_mb,gpu1_max_reserved_mb,epoch,global_step,batch_size
1784204219.2975185,1.7314724882443746,3.096881866455078,4.412532806396484,59.57666015625,6058.0,6078.0,139.26025390625,5182.0,5182.0,0,50,384
1784204248.750377,2.222353474299113,3.089252471923828,4.369194030761719,59.57666015625,6058.0,6078.0,139.26025390625,5182.0,5182.0,0,100,384
1784204279.6391466,2.7371662894884747,3.120502471923828,4.408245086669922,59.57666015625,6058.0,6078.0,139.26025390625,5182.0,5182.0,0,150,384
1784204311.0284364,3.2603211243947348,3.0968284606933594,4.4405975341796875,59.57666015625,6058.0,6078.0,139.26025390625,5182.0,5182.0,0,200,384
1784204341.521547,3.7685396313667296,3.115100860595703,4.446208953857422,59.57666015625,6058.0,6078.0,139.26025390625,5182.0,5182.0,0,250,384
1784204372.0874453,4.277971271673838,3.120502471923828,4.420623779296875,59.57666015625,6058.0,6078.0,139.26025390625,5182.0,5182.0,0,300,384
1784204402.818622,4.7901575565338135,3.096698760986328,4.380821228027344,59.57666015625,6058.0,6078.0,139.26025390625,5182.0,5182.0,0,350,384
1784204433.8415112,5.307205700874329,3.120502471923828,4.430534362792969,59.57666015625,6058.0,6078.0,139.26025390625,5182.0,5182.0,0,400,384
1784204464.317534,5.815139416853587,3.0711593627929688,4.388172149658203,59.57666015625,6058.0,6078.0,139.26025390625,5182.0,5182.0,0,450,384
1784204494.85767,6.324141685167948,3.089252471923828,4.357898712158203,59.57666015625,6058.0,6078.0,139.26025390625,5182.0,5182.0,0,500,384
1784204524.9976835,6.826475242773692,3.120502471923828,4.4173431396484375,59.13916015625,6058.0,6078.0,141.01025390625,5182.0,5182.0,0,550,384
1784204556.7191856,7.355166939894358,3.096973419189453,4.429470062255859,59.57666015625,6058.0,6078.0,139.26025390625,5182.0,5182.0,0,600,384
1784204587.5387104,7.868825689951579,3.115192413330078,4.434318542480469,59.57666015625,6058.0,6078.0,139.26025390625,5182.0,5182.0,0,650,384
1784204618.2953608,8.38143652677536,3.120502471923828,4.408794403076172,59.57666015625,6058.0,6078.0,139.26025390625,5182.0,5182.0,0,700,384
1784204649.791983,8.906380228201549,3.089252471923828,4.392021179199219,59.57666015625,6058.0,6078.0,139.26025390625,5182.0,5182.0,0,750,384
1784204680.3860939,9.416282081604004,3.120502471923828,4.4045867919921875,59.57666015625,6058.0,6078.0,139.26025390625,5182.0,5182.0,0,800,384
1784204711.223265,9.930234936873118,3.0711593627929688,4.371829986572266,59.57666015625,6058.0,6078.0,139.26025390625,5182.0,5182.0,0,850,384
1784204741.9382744,10.442151753107707,3.089252471923828,4.379829406738281,59.57666015625,6058.0,6078.0,139.26025390625,5182.0,5182.0,0,900,384
1784204773.6438832,10.970578575134278,3.120502471923828,4.433689117431641,59.57666015625,6058.0,6078.0,139.26025390625,5182.0,5182.0,0,950,384
1784204804.3630536,11.482564747333527,3.096935272216797,4.418750762939453,59.57666015625,6058.0,6078.0,139.26025390625,5182.0,5182.0,0,1000,384
1784204835.061401,11.994203865528107,3.1150436401367188,4.3863983154296875,59.57666015625,6058.0,6078.0,139.26025390625,5182.0,5182.0,0,1050,384
1784204865.3916142,12.49970741669337,3.120502471923828,4.413883209228516,59.13916015625,6058.0,6078.0,141.01025390625,5182.0,5182.0,0,1100,384
1784204897.1565282,13.029122654596964,3.089252471923828,4.398895263671875,59.57666015625,6058.0,6078.0,139.26025390625,5182.0,5182.0,0,1150,384
1784204927.8204966,13.540188789367676,3.120502471923828,4.399116516113281,59.57666015625,6058.0,6078.0,139.26025390625,5182.0,5182.0,0,1200,384
1784204958.4568443,14.050794593493144,3.0711593627929688,4.368923187255859,59.57666015625,6058.0,6078.0,139.26025390625,5182.0,5182.0,0,1250,384
1784204989.952287,14.575718633333842,3.114898681640625,4.439273834228516,59.57666015625,6058.0,6078.0,139.26025390625,5182.0,5182.0,0,1300,384
1784205020.5620275,15.085880974928537,3.120502471923828,4.4150238037109375,59.57666015625,6058.0,6078.0,139.26025390625,5182.0,5182.0,0,1350,384
1784205051.0781832,15.594483566284179,3.0968704223632812,4.409397125244141,59.57666015625,6058.0,6078.0,139.26025390625,5182.0,5182.0,0,1400,384
1784205081.7057242,16.10494258403778,3.114978790283203,4.411369323730469,59.57666015625,6058.0,6078.0,139.26025390625,5182.0,5182.0,0,1450,384
1784205113.2614932,16.630872070789337,3.0711593627929688,4.395221710205078,59.57666015625,6058.0,6078.0,139.26025390625,5182.0,5182.0,0,1500,384
1784205144.0723026,17.144385560353598,3.089252471923828,4.370967864990234,59.57666015625,6058.0,6078.0,139.26025390625,5182.0,5182.0,0,1550,384
1784205174.784289,17.656251998742423,3.120502471923828,4.420440673828125,59.57666015625,6058.0,6078.0,139.26025390625,5182.0,5182.0,0,1600,384
1784205205.2062876,18.16328531106313,3.0711593627929688,4.3634796142578125,59.13916015625,6058.0,6078.0,141.01025390625,5182.0,5182.0,0,1650,384
1784205237.143441,18.695571200052896,3.1149520874023438,4.414981842041016,59.57666015625,6058.0,6078.0,139.26025390625,5182.0,5182.0,0,1700,384
1784205267.7452312,19.205601036548615,3.120502471923828,4.397735595703125,59.57666015625,6058.0,6078.0,139.26025390625,5182.0,5182.0,0,1750,384
1784205298.4400702,19.717181686560313,3.0968856811523438,4.385562896728516,59.57666015625,6058.0,6078.0,139.26025390625,5182.0,5182.0,0,1800,384
1784205329.8109152,20.240029100577036,3.120502471923828,4.412010192871094,59.57666015625,6058.0,6078.0,139.26025390625,5182.0,5182.0,0,1850,384
1784205360.3761864,20.749450294176736,3.0711593627929688,4.220043182373047,59.57666015625,6058.0,6078.0,139.26025390625,5182.0,5182.0,0,1900,384
1784205391.0609078,21.26086231470108,3.089252471923828,4.211666107177734,59.57666015625,6058.0,6078.0,139.26025390625,5182.0,5182.0,0,1950,384
1784205421.6535,21.770738859971363,3.120502471923828,4.246978759765625,59.57666015625,6058.0,6078.0,139.26025390625,5182.0,5182.0,0,2000,384
1784205453.13286,22.295394857724506,3.0970077514648438,4.29266357421875,59.57666015625,6058.0,6078.0,139.26025390625,5182.0,5182.0,0,2050,384
1784205483.9260173,22.8086141427358,3.115062713623047,4.26605224609375,59.57666015625,6058.0,6078.0,139.26025390625,5182.0,5182.0,0,2100,384
1784205514.600813,23.319860736529034,3.1205596923828125,4.2574615478515625,59.57666015625,6058.0,6078.0,139.26025390625,5182.0,5182.0,0,2150,384
1784205545.0160291,23.82678101460139,3.0969696044921875,4.207069396972656,59.13916015625,6058.0,6078.0,141.01025390625,5182.0,5182.0,0,2200,384
1784205576.556008,24.35244733095169,3.1205596923828125,4.282077789306641,59.57666015625,6058.0,6078.0,139.26025390625,5182.0,5182.0,0,2250,384
1784205607.2782004,24.864483861128488,3.071216583251953,4.200904846191406,59.57666015625,6058.0,6078.0,139.26025390625,5182.0,5182.0,0,2300,384
1784205638.0259967,25.37694714466731,3.0893096923828125,4.211883544921875,59.57666015625,6058.0,6078.0,139.26025390625,5182.0,5182.0,0,2350,384
1784205669.205244,25.896601259708405,3.1205596923828125,4.299232482910156,59.57666015625,6058.0,6078.0,139.26025390625,5182.0,5182.0,0,2400,384
1784205699.8415074,26.407205645243327,3.0967254638671875,4.245868682861328,59.57666015625,6058.0,6078.0,139.26025390625,5182.0,5182.0,0,2450,384
1784205730.1669765,26.912630128860474,3.11492919921875,4.251552581787109,59.57666015625,6058.0,6078.0,139.26025390625,5182.0,5182.0,0,2500,384
1784205760.8475795,27.423973512649535,3.1205596923828125,4.2388458251953125,59.57666015625,6058.0,6078.0,139.26025390625,5182.0,5182.0,0,2550,384
1784205791.9137397,27.941742849349975,3.0893096923828125,4.224571228027344,59.57666015625,6058.0,6078.0,139.26025390625,5182.0,5182.0,0,2600,384
1784205822.393038,28.449731155236563,3.1205596923828125,4.242645263671875,59.57666015625,6058.0,6078.0,139.26025390625,5182.0,5182.0,0,2650,384
1784205852.8675003,28.95763885974884,3.071216583251953,4.202301025390625,59.57666015625,6058.0,6078.0,139.26025390625,5182.0,5182.0,0,2700,384
1784205882.881431,29.45787103573481,3.0893096923828125,4.223522186279297,59.13916015625,6058.0,6078.0,141.01025390625,5182.0,5182.0,0,2750,384
1784205914.326287,29.981951967875162,3.1205596923828125,4.271842956542969,59.57666015625,6058.0,6078.0,139.26025390625,5182.0,5182.0,0,2800,384
1784205945.0477467,30.49397630294164,3.0966758728027344,4.252082824707031,59.57666015625,6058.0,6078.0,139.26025390625,5182.0,5182.0,0,2850,384
1784205975.415073,31.00009840329488,3.1150779724121094,4.221397399902344,59.57666015625,6058.0,6078.0,139.26025390625,5182.0,5182.0,0,2900,384
1784206006.8588421,31.524161223570506,3.071216583251953,4.267494201660156,59.57666015625,6058.0,6078.0,139.26025390625,5182.0,5182.0,0,2950,384
1784206037.143042,32.02889788548152,3.0893096923828125,4.229095458984375,59.57666015625,6058.0,6078.0,139.26025390625,5182.0,5182.0,0,3000,384
1784206067.9149559,32.54176311890284,3.1205596923828125,4.239032745361328,59.57666015625,6058.0,6078.0,139.26025390625,5182.0,5182.0,0,3050,384
1784206098.7441049,33.055582273006436,3.071216583251953,4.202384948730469,59.57666015625,6058.0,6078.0,139.26025390625,5182.0,5182.0,0,3100,384
1784206129.8417115,33.57387579282125,3.115070343017578,4.267330169677734,59.57666015625,6058.0,6078.0,139.26025390625,5182.0,5182.0,0,3150,384
1784206160.397111,34.08313237428665,3.1205596923828125,4.2604217529296875,59.57666015625,6058.0,6078.0,139.26025390625,5182.0,5182.0,0,3200,384
1784206190.913233,34.591734409332275,3.096813201904297,4.211212158203125,59.57666015625,6058.0,6078.0,139.26025390625,5182.0,5182.0,0,3250,384
1784206220.9344604,35.09208819468816,3.115032196044922,4.223602294921875,59.13916015625,6058.0,6078.0,141.01025390625,5182.0,5182.0,0,3300,384
1784206252.4531786,35.61740016142527,3.071216583251953,4.221218109130859,59.57666015625,6058.0,6078.0,139.26025390625,5182.0,5182.0,0,3350,384
1784206282.3534765,36.11573845942815,3.0893096923828125,4.221134185791016,59.57666015625,6058.0,6078.0,139.26025390625,5182.0,5182.0,0,3400,384
1784206312.2364194,36.613787508010866,3.1205596923828125,4.2477874755859375,59.57666015625,6058.0,6078.0,139.26025390625,5182.0,5182.0,0,3450,384
1784206343.045381,37.127270205815634,3.0970077514648438,4.279888153076172,59.57666015625,6058.0,6078.0,139.26025390625,5182.0,5182.0,0,3500,384
1784206373.351277,37.632368477185565,3.1150550842285156,4.264591217041016,59.57666015625,6058.0,6078.0,139.26025390625,5182.0,5182.0,0,3550,384
1784206403.501072,38.13486505349477,3.1205596923828125,4.2579498291015625,59.57666015625,6058.0,6078.0,139.26025390625,5182.0,5182.0,0,3600,384
1784206433.506537,38.634956133365634,3.0969009399414062,4.204814910888672,59.57666015625,6058.0,6078.0,139.26025390625,5182.0,5182.0,0,3650,384
1784206464.318427,39.14848763942719,3.1205596923828125,4.252830505371094,59.57666015625,6058.0,6078.0,139.26025390625,5182.0,5182.0,0,3700,384
1784206494.9137106,39.658409031232196,3.071216583251953,4.2073516845703125,59.57666015625,6058.0,6078.0,139.26025390625,5182.0,5182.0,0,3750,384
1784206525.443697,40.167242137591046,3.0893096923828125,4.1943817138671875,59.57666015625,6058.0,6078.0,139.26025390625,5182.0,5182.0,0,3800,384
1784206555.3259864,40.66528029044469,3.1205596923828125,4.230949401855469,59.13916015625,6058.0,6078.0,141.01025390625,5182.0,5182.0,0,3850,384
1784206586.9290051,41.19199727376302,3.0968093872070312,4.250431060791016,59.57666015625,6058.0,6078.0,139.26025390625,5182.0,5182.0,0,3900,384
1784206617.564222,41.70258422692617,3.1151275634765625,4.246852874755859,59.57666015625,6058.0,6078.0,139.26025390625,5182.0,5182.0,0,3950,384
1784206647.8750277,42.20776431560516,3.1205596923828125,4.240772247314453,59.57666015625,6058.0,6078.0,139.26025390625,5182.0,5182.0,0,4000,384
1784206679.310712,42.73169239362081,3.160785675048828,4.293628692626953,59.57666015625,6058.0,6078.0,139.26025390625,5182.0,5182.0,0,4050,384
1784206710.0088425,43.24332789977392,3.160785675048828,4.28765869140625,59.57666015625,6058.0,6078.0,139.26025390625,5182.0,5182.0,0,4100,384
1784206740.5258398,43.75194452603658,3.160785675048828,4.288597106933594,59.57666015625,6058.0,6078.0,139.26025390625,5182.0,5182.0,0,4150,384
1784206771.240912,44.26386238733927,3.160785675048828,4.2740936279296875,59.57666015625,6058.0,6078.0,139.26025390625,5182.0,5182.0,0,4200,384
1784206802.2226803,44.78022519350052,3.160785675048828,4.299930572509766,59.57666015625,6058.0,6078.0,139.26025390625,5182.0,5182.0,0,4250,384
1784206832.9667714,45.29262671470642,3.160785675048828,4.285221099853516,59.57666015625,6058.0,6078.0,139.26025390625,5182.0,5182.0,0,4300,384
1784206863.6231296,45.803566014766695,3.160785675048828,4.2815093994140625,59.57666015625,6058.0,6078.0,139.26025390625,5182.0,5182.0,0,4350,384
1784206894.0645196,46.310922515392306,3.160785675048828,4.272342681884766,59.13916015625,6058.0,6078.0,141.01025390625,5182.0,5182.0,0,4400,384
1784206925.8191423,46.840166227022806,3.160785675048828,4.320152282714844,59.57666015625,6058.0,6078.0,139.26025390625,5182.0,5182.0,0,4450,384
1784206956.5080965,47.35164880355199,3.160785675048828,4.285301208496094,59.57666015625,6058.0,6078.0,139.26025390625,5182.0,5182.0,0,4500,384
1784206987.0318925,47.86037873427073,3.160785675048828,4.282283782958984,59.57666015625,6058.0,6078.0,139.26025390625,5182.0,5182.0,0,4550,384
1784207018.2493906,48.38067036072413,3.160785675048828,4.302478790283203,59.57666015625,6058.0,6078.0,139.26025390625,5182.0,5182.0,0,4600,384
1784207048.8100417,48.89001454512278,3.160785675048828,4.289558410644531,59.57666015625,6058.0,6078.0,139.26025390625,5182.0,5182.0,0,4650,384
1784207079.374339,49.399419502417246,3.160785675048828,4.283744812011719,59.57666015625,6058.0,6078.0,139.26025390625,5182.0,5182.0,0,4700,384
1784207110.0188391,49.9101611773173,3.160785675048828,4.298603057861328,59.57666015625,6058.0,6078.0,139.26025390625,5182.0,5182.0,0,4750,384
1784207140.672291,50.42105204264323,3.160785675048828,4.316951751708984,59.57666015625,6058.0,6078.0,139.26025390625,5182.0,5182.0,0,4800,384
1784207171.1684794,50.92932184934616,3.160785675048828,4.297462463378906,59.57666015625,6058.0,6078.0,139.26025390625,5182.0,5182.0,0,4850,384
1784207201.7523851,51.439053603013356,3.160785675048828,4.284809112548828,59.57666015625,6058.0,6078.0,139.26025390625,5182.0,5182.0,0,4900,384
1784207231.7100036,51.93834724823634,3.160785675048828,4.27093505859375,59.13916015625,6058.0,6078.0,141.01025390625,5182.0,5182.0,0,4950,384
1784207262.853046,52.457397961616515,3.160785675048828,4.282951354980469,59.57666015625,6058.0,6078.0,139.26025390625,5182.0,5182.0,0,5000,384
1784207293.0895028,52.961338901519774,3.160785675048828,4.281421661376953,59.57666015625,6058.0,6078.0,139.26025390625,5182.0,5182.0,0,5050,384
1784207322.6931636,53.45473325252533,3.160785675048828,4.26898193359375,59.57666015625,6058.0,6078.0,139.26025390625,5182.0,5182.0,0,5100,384
1784207352.3589218,53.94916254679362,3.160785675048828,4.281703948974609,59.57666015625,6058.0,6078.0,139.26025390625,5182.0,5182.0,0,5150,384
1784207382.4716096,54.451040677229564,3.160785675048828,4.299579620361328,59.57666015625,6058.0,6078.0,139.26025390625,5182.0,5182.0,0,5200,384
1784207412.5507498,54.952359676361084,3.160785675048828,4.288627624511719,59.57666015625,6058.0,6078.0,139.26025390625,5182.0,5182.0,0,5250,384
1784207442.8192744,55.45683509906133,3.160785675048828,4.282680511474609,59.57666015625,6058.0,6078.0,139.26025390625,5182.0,5182.0,0,5300,384
1784207473.9790957,55.97616545756658,3.160785675048828,4.307346343994141,59.57666015625,6058.0,6078.0,139.26025390625,5182.0,5182.0,0,5350,384
1784207504.47307,56.48439834912618,3.160785675048828,4.2921295166015625,59.57666015625,6058.0,6078.0,139.26025390625,5182.0,5182.0,0,5400,384
1784207534.9718974,56.9927121480306,3.160785675048828,4.283435821533203,59.57666015625,6058.0,6078.0,139.26025390625,5182.0,5182.0,0,5450,384
1784207565.1447172,57.495592478911085,3.160785675048828,4.281955718994141,59.13916015625,6058.0,6078.0,141.01025390625,5182.0,5182.0,0,5500,384
1784207596.379249,58.01616800626119,3.160785675048828,4.275920867919922,59.57666015625,6058.0,6078.0,139.26025390625,5182.0,5182.0,0,5550,384
1784207626.7599683,58.52251332998276,3.160785675048828,4.268383026123047,59.57666015625,6058.0,6078.0,139.26025390625,5182.0,5182.0,0,5600,384
1784207657.324446,59.03192128340403,3.160785675048828,4.270046234130859,59.57666015625,6058.0,6078.0,139.26025390625,5182.0,5182.0,0,5650,384
1784207688.4307587,59.550359833240506,3.160785675048828,4.313972473144531,59.57666015625,6058.0,6078.0,139.26025390625,5182.0,5182.0,0,5700,384
1784207719.0707533,60.06102641026179,3.160785675048828,4.2641143798828125,59.57666015625,6058.0,6078.0,139.26025390625,5182.0,5182.0,0,5750,384
1784207749.7416327,60.57220773696899,3.160785675048828,4.290493011474609,59.57666015625,6058.0,6078.0,139.26025390625,5182.0,5182.0,0,5800,384
1784207780.381373,61.08287007411321,3.160785675048828,4.277462005615234,59.57666015625,6058.0,6078.0,139.26025390625,5182.0,5182.0,0,5850,384
1784207810.771071,61.589365037282306,3.160785675048828,4.298625946044922,59.57666015625,6058.0,6078.0,139.26025390625,5182.0,5182.0,0,5900,384
1784207841.212134,62.09671608606974,3.160785675048828,4.291675567626953,59.57666015625,6058.0,6078.0,139.26025390625,5182.0,5182.0,0,5950,384
1784207871.654833,62.604094409942626,3.160785675048828,4.2847747802734375,59.57666015625,6058.0,6078.0,139.26025390625,5182.0,5182.0,0,6000,384
1784207901.7753868,63.106103630860645,3.160785675048828,4.289104461669922,59.13916015625,6058.0,6078.0,141.01025390625,5182.0,5182.0,0,6050,384
1784207933.2091842,63.63000026146571,3.160785675048828,4.284904479980469,59.57666015625,6058.0,6078.0,139.26025390625,5182.0,5182.0,0,6100,384
1784207963.9495778,64.14234015146891,3.160785675048828,4.288078308105469,59.57666015625,6058.0,6078.0,139.26025390625,5182.0,5182.0,0,6150,384
1784207994.7960756,64.65644844770432,3.160785675048828,4.287952423095703,59.57666015625,6058.0,6078.0,139.26025390625,5182.0,5182.0,0,6200,384
1784208026.1400561,65.17884811957677,3.160785675048828,4.290290832519531,59.57666015625,6058.0,6078.0,139.26025390625,5182.0,5182.0,0,6250,384
1784208057.016983,65.6934635678927,3.160785675048828,4.275428771972656,59.57666015625,6058.0,6078.0,139.26025390625,5182.0,5182.0,0,6300,384
1784208087.7857635,66.20627658367157,3.160785675048828,4.2873382568359375,59.57666015625,6058.0,6078.0,139.26025390625,5182.0,5182.0,0,6350,384
1784208118.446155,66.71728310585021,3.160785675048828,4.268863677978516,59.57666015625,6058.0,6078.0,139.26025390625,5182.0,5182.0,0,6400,384
1784208149.6156995,67.23677551349004,3.160785675048828,4.304435729980469,59.57666015625,6058.0,6078.0,139.26025390625,5182.0,5182.0,0,6450,384
1784208180.409924,67.75001258850098,3.160785675048828,4.29119873046875,59.57666015625,6058.0,6078.0,139.26025390625,5182.0,5182.0,0,6500,384
1784208211.0030982,68.25989882946014,3.160785675048828,4.304222106933594,59.57666015625,6058.0,6078.0,139.26025390625,5182.0,5182.0,0,6550,384
1784208241.2550578,68.7640981554985,3.160785675048828,4.274875640869141,59.13916015625,6058.0,6078.0,141.01025390625,5182.0,5182.0,0,6600,384
1784208273.055233,69.29410106738409,3.160785675048828,4.278228759765625,59.57666015625,6058.0,6078.0,139.26025390625,5182.0,5182.0,0,6650,384
1784208303.6158981,69.80344549020131,3.160785675048828,4.289360046386719,59.57666015625,6058.0,6078.0,139.26025390625,5182.0,5182.0,0,6700,384
1784208334.1420498,70.31221468448639,3.160785675048828,4.285907745361328,59.57666015625,6058.0,6078.0,139.26025390625,5182.0,5182.0,0,6750,384
1784208364.9120922,70.82504872481029,3.160785675048828,4.292274475097656,59.57666015625,6058.0,6078.0,139.26025390625,5182.0,5182.0,0,6800,384
1784208395.5564775,71.33578848044077,3.160785675048828,4.280387878417969,59.57666015625,6058.0,6078.0,139.26025390625,5182.0,5182.0,0,6850,384
1784208425.9582472,71.84248464107513,3.160785675048828,4.274127960205078,59.57666015625,6058.0,6078.0,139.26025390625,5182.0,5182.0,0,6900,384
1784208456.3081,72.34831552505493,3.160785675048828,4.282966613769531,59.57666015625,6058.0,6078.0,139.26025390625,5182.0,5182.0,0,6950,384
1784208487.505922,72.86827922264735,3.160785675048828,4.278892517089844,59.57666015625,6058.0,6078.0,139.26025390625,5182.0,5182.0,0,7000,384
1784208517.9360695,73.375448346138,3.160785675048828,4.285686492919922,59.57666015625,6058.0,6078.0,139.26025390625,5182.0,5182.0,0,7050,384
1784208548.487536,73.88463945388794,3.160785675048828,4.277317047119141,59.57666015625,6058.0,6078.0,139.26025390625,5182.0,5182.0,0,7100,384
1784208578.679722,74.38784255186717,3.160785675048828,4.277172088623047,59.13916015625,6058.0,6078.0,141.01025390625,5182.0,5182.0,0,7150,384
1784208610.2398992,74.91384550730388,3.160785675048828,4.290870666503906,59.57666015625,6058.0,6078.0,139.26025390625,5182.0,5182.0,0,7200,384
1784208641.117433,75.42847107251485,3.160785675048828,4.283573150634766,59.57666015625,6058.0,6078.0,139.26025390625,5182.0,5182.0,0,7250,384
1784208671.7573907,75.93913703362146,3.160785675048828,4.277584075927734,59.57666015625,6058.0,6078.0,139.26025390625,5182.0,5182.0,0,7300,384
1784208702.729564,76.45533991654715,3.160785675048828,4.278850555419922,59.57666015625,6058.0,6078.0,139.26025390625,5182.0,5182.0,0,7350,384
1784208733.0294394,76.96033784945806,3.160785675048828,4.282466888427734,59.57666015625,6058.0,6078.0,139.26025390625,5182.0,5182.0,0,7400,384
1784208763.4045484,77.46658965746562,3.160785675048828,4.2946014404296875,59.57666015625,6058.0,6078.0,139.26025390625,5182.0,5182.0,0,7450,384
1784208793.6441314,77.97058270374934,3.160785675048828,4.280437469482422,59.57666015625,6058.0,6078.0,139.26025390625,5182.0,5182.0,0,7500,384
1784208824.752352,78.48905305465063,3.160785675048828,4.315593719482422,59.57666015625,6058.0,6078.0,139.26025390625,5182.0,5182.0,0,7550,384
1784208855.1809602,78.99619653224946,3.160785675048828,4.2967071533203125,59.57666015625,6058.0,6078.0,139.26025390625,5182.0,5182.0,0,7600,384
1784208885.8307467,79.5070262948672,3.160785675048828,4.292350769042969,59.57666015625,6058.0,6078.0,139.26025390625,5182.0,5182.0,0,7650,384
1784208915.780928,80.00619599421819,3.160785675048828,4.28057861328125,59.13916015625,6058.0,6078.0,141.01025390625,5182.0,5182.0,0,7700,384
1784208947.3701134,80.53268241087595,3.160785675048828,4.2997589111328125,59.57666015625,6058.0,6078.0,139.26025390625,5182.0,5182.0,0,7750,384
1784208977.9192684,81.04183499415716,3.160785675048828,4.292015075683594,59.57666015625,6058.0,6078.0,139.26025390625,5182.0,5182.0,0,7800,384
1784209008.6921294,81.55471600691477,3.160785675048828,4.274650573730469,59.57666015625,6058.0,6078.0,139.26025390625,5182.0,5182.0,0,7850,384
1784209039.6162868,82.07011863390605,3.160785675048828,4.2841949462890625,59.57666015625,6058.0,6078.0,139.26025390625,5182.0,5182.0,0,7900,384
1784209070.0530689,82.57739833990733,3.160785675048828,4.290050506591797,59.57666015625,6058.0,6078.0,139.26025390625,5182.0,5182.0,0,7950,384
1784209100.582444,83.08622125784557,3.160785675048828,4.297943115234375,59.57666015625,6058.0,6078.0,139.26025390625,5182.0,5182.0,0,8000,384
1784209131.63656,83.60378985007604,3.160785675048828,4.285545349121094,59.57666015625,6058.0,6078.0,139.26025390625,5182.0,5182.0,0,8050,384
1784209162.5004694,84.11818834145863,3.160785675048828,4.325046539306641,59.57666015625,6058.0,6078.0,139.26025390625,5182.0,5182.0,0,8100,384
1784209193.0038657,84.62657828330994,3.160785675048828,4.298347473144531,59.57666015625,6058.0,6078.0,139.26025390625,5182.0,5182.0,0,8150,384
1784209223.478621,85.1344908674558,3.160785675048828,4.273490905761719,59.57666015625,6058.0,6078.0,139.26025390625,5182.0,5182.0,0,8200,384
1784209253.5115964,85.6350404659907,3.160785675048828,4.277523040771484,59.13916015625,6058.0,6078.0,141.01025390625,5182.0,5182.0,0,8250,384
1784209285.0239751,86.16024677356084,3.160785675048828,4.273101806640625,59.57666015625,6058.0,6078.0,139.26025390625,5182.0,5182.0,0,8300,384
1784209315.6449459,86.67059628168742,3.160785675048828,4.274078369140625,59.57666015625,6058.0,6078.0,139.26025390625,5182.0,5182.0,0,8350,384
1784209346.198444,87.17982124884924,3.160785675048828,4.270355224609375,59.57666015625,6058.0,6078.0,139.26025390625,5182.0,5182.0,0,8400,384
1784209377.1838293,87.69624434312185,3.160785675048828,4.300029754638672,59.57666015625,6058.0,6078.0,139.26025390625,5182.0,5182.0,0,8450,384
1784209407.8569534,88.2074630777041,3.160785675048828,4.297660827636719,59.57666015625,6058.0,6078.0,139.26025390625,5182.0,5182.0,0,8500,384
1784209438.4325068,88.7170556306839,3.160785675048828,4.281436920166016,59.57666015625,6058.0,6078.0,139.26025390625,5182.0,5182.0,0,8550,384
1784209468.9540808,89.22574853499731,3.160785675048828,4.28240966796875,59.57666015625,6058.0,6078.0,139.26025390625,5182.0,5182.0,0,8600,384
1784209500.329689,89.74867533445358,3.160785675048828,4.286556243896484,59.57666015625,6058.0,6078.0,139.26025390625,5182.0,5182.0,0,8650,384
1784209530.9135513,90.25840637683868,3.160785675048828,4.293754577636719,59.57666015625,6058.0,6078.0,139.26025390625,5182.0,5182.0,0,8700,384
1784209561.474178,90.76775015195211,3.160785675048828,4.290901184082031,59.57666015625,6058.0,6078.0,139.26025390625,5182.0,5182.0,0,8750,384
1784209591.8306885,91.27369199593862,3.160785675048828,4.290195465087891,59.13916015625,6058.0,6078.0,141.01025390625,5182.0,5182.0,0,8800,384
1784209623.7945907,91.8064236998558,3.160785675048828,4.287113189697266,59.57666015625,6058.0,6078.0,139.26025390625,5182.0,5182.0,0,8850,384
1784209654.5508614,92.31902821063996,3.160785675048828,4.2762908935546875,59.57666015625,6058.0,6078.0,139.26025390625,5182.0,5182.0,0,8900,384
1784209684.9904962,92.82635545730591,3.160785675048828,4.2745361328125,59.57666015625,6058.0,6078.0,139.26025390625,5182.0,5182.0,0,8950,384
1784209715.9287243,93.34199259281158,3.160785675048828,4.280750274658203,59.57666015625,6058.0,6078.0,139.26025390625,5182.0,5182.0,0,9000,384
1784209746.2714388,93.84770450194677,3.160785675048828,4.310657501220703,59.57666015625,6058.0,6078.0,139.26025390625,5182.0,5182.0,0,9050,384
1784209776.6408403,94.3538611928622,3.160785675048828,4.2770843505859375,59.57666015625,6058.0,6078.0,139.26025390625,5182.0,5182.0,0,9100,384
1784209807.1554575,94.86243814627329,3.160785675048828,4.285377502441406,59.57666015625,6058.0,6078.0,139.26025390625,5182.0,5182.0,0,9150,384
1784209838.5132236,95.38506758213043,3.160785675048828,4.278839111328125,59.57666015625,6058.0,6078.0,139.26025390625,5182.0,5182.0,0,9200,384
1784209869.21966,95.89684152205785,3.160785675048828,4.29876708984375,59.57666015625,6058.0,6078.0,139.26025390625,5182.0,5182.0,0,9250,384
1784209899.7734272,96.40607097148896,3.160785675048828,4.27764892578125,59.57666015625,6058.0,6078.0,139.26025390625,5182.0,5182.0,0,9300,384
1784209929.8120146,96.90671409765879,3.160785675048828,4.2833404541015625,59.13916015625,6058.0,6078.0,141.01025390625,5182.0,5182.0,0,9350,384
1784209961.273277,97.43106847206751,3.160785675048828,4.286521911621094,59.57666015625,6058.0,6078.0,139.26025390625,5182.0,5182.0,0,9400,384
1784209991.8711712,97.94103337923686,3.160785675048828,4.2978973388671875,59.57666015625,6058.0,6078.0,139.26025390625,5182.0,5182.0,0,9450,384
1784210022.4296212,98.45034087498983,3.160785675048828,4.2816619873046875,59.57666015625,6058.0,6078.0,139.26025390625,5182.0,5182.0,0,9500,384
1784210053.3065367,98.9649561325709,3.160785675048828,4.267490386962891,59.57666015625,6058.0,6078.0,139.26025390625,5182.0,5182.0,0,9550,384
1784210083.7942843,99.47308526039123,3.160785675048828,4.286415100097656,59.57666015625,6058.0,6078.0,139.26025390625,5182.0,5182.0,0,9600,384
1784210114.507123,99.9849659005801,3.160785675048828,4.280010223388672,59.57666015625,6058.0,6078.0,139.26025390625,5182.0,5182.0,0,9650,384
1784210145.0952163,100.4947674592336,3.160785675048828,4.2805938720703125,59.57666015625,6058.0,6078.0,139.26025390625,5182.0,5182.0,0,9700,384
1784210176.3737369,101.01607614358267,3.160785675048828,4.295886993408203,59.57666015625,6058.0,6078.0,139.26025390625,5182.0,5182.0,0,9750,384
1784210206.8032858,101.52323528925578,3.160785675048828,4.2703704833984375,59.57666015625,6058.0,6078.0,139.26025390625,5182.0,5182.0,0,9800,384
1784210237.477611,102.03447403907776,3.160785675048828,4.274742126464844,59.57666015625,6058.0,6078.0,139.26025390625,5182.0,5182.0,0,9850,384
1784210267.7362165,102.53878412644069,3.160785675048828,4.288654327392578,59.13916015625,6058.0,6078.0,141.01025390625,5182.0,5182.0,0,9900,384
1784210299.0706332,103.06102440357208,3.160785675048828,4.29779052734375,59.57666015625,6058.0,6078.0,139.26025390625,5182.0,5182.0,0,9950,384
1784210329.5792634,103.56950157880783,3.160785675048828,4.277645111083984,59.57666015625,6058.0,6078.0,139.26025390625,5182.0,5182.0,0,10000,384
1784210360.190934,104.07969609101613,3.160785675048828,4.280651092529297,59.57666015625,6058.0,6078.0,139.26025390625,5182.0,5182.0,0,10050,384
1784210391.3397439,104.59884291887283,3.160785675048828,4.289623260498047,59.57666015625,6058.0,6078.0,139.26025390625,5182.0,5182.0,0,10100,384
1784210421.9849095,105.10959568023682,3.160785675048828,4.2955474853515625,59.57666015625,6058.0,6078.0,139.26025390625,5182.0,5182.0,0,10150,384
1784210452.6804,105.6211871822675,3.160785675048828,4.261997222900391,59.57666015625,6058.0,6078.0,139.26025390625,5182.0,5182.0,0,10200,384
1784210483.353555,106.13240643739701,3.160785675048828,4.270214080810547,59.57666015625,6058.0,6078.0,139.26025390625,5182.0,5182.0,0,10250,384
1784210514.814486,106.65675528446833,3.160785675048828,4.265071868896484,59.57666015625,6058.0,6078.0,139.26025390625,5182.0,5182.0,0,10300,384
1784210545.648612,107.17065739234289,3.160785675048828,4.301227569580078,59.57666015625,6058.0,6078.0,139.26025390625,5182.0,5182.0,0,10350,384
1784210576.223548,107.68023965358734,3.160785675048828,4.278984069824219,59.57666015625,6058.0,6078.0,139.26025390625,5182.0,5182.0,0,10400,384
1784210606.6056592,108.18660817543666,3.160785675048828,4.261806488037109,59.13916015625,6058.0,6078.0,141.01025390625,5182.0,5182.0,0,10450,384
1784210638.3379738,108.71548008124033,3.160785675048828,4.268898010253906,59.57666015625,6058.0,6078.0,139.26025390625,5182.0,5182.0,0,10500,384
1784210669.1161654,109.22844994862875,3.160785675048828,4.2769012451171875,59.57666015625,6058.0,6078.0,139.26025390625,5182.0,5182.0,0,10550,384
1784210699.9022636,109.74155157804489,3.160785675048828,4.262226104736328,59.57666015625,6058.0,6078.0,139.26025390625,5182.0,5182.0,0,10600,384
1784210730.8395445,110.25717293421427,3.160785675048828,4.302867889404297,59.57666015625,6058.0,6078.0,139.26025390625,5182.0,5182.0,0,10650,384
1784210761.3421206,110.76554919878642,3.160785675048828,4.277923583984375,59.57666015625,6058.0,6078.0,139.26025390625,5182.0,5182.0,0,10700,384
1784210791.8752453,111.27443461020788,3.160785675048828,4.2689361572265625,59.57666015625,6058.0,6078.0,139.26025390625,5182.0,5182.0,0,10750,384
1784210822.3225532,111.78188973665237,3.160785675048828,4.290771484375,59.57666015625,6058.0,6078.0,139.26025390625,5182.0,5182.0,0,10800,384
1784210853.4174225,112.3001375635465,3.160785675048828,4.291294097900391,59.57666015625,6058.0,6078.0,139.26025390625,5182.0,5182.0,0,10850,384
1784210884.0794885,112.81117199659347,3.160785675048828,4.291927337646484,59.57666015625,6058.0,6078.0,139.26025390625,5182.0,5182.0,0,10900,384
1784210914.59295,113.31972968975703,3.160785675048828,4.2716064453125,59.57666015625,6058.0,6078.0,139.26025390625,5182.0,5182.0,0,10950,384
1784210944.629108,113.82033231655757,3.160785675048828,4.286647796630859,59.13916015625,6058.0,6078.0,141.01025390625,5182.0,5182.0,0,11000,384
1784210976.0925703,114.34472335577011,3.160785675048828,4.278827667236328,59.57666015625,6058.0,6078.0,139.26025390625,5182.0,5182.0,0,11050,384
1784211006.6459904,114.85394702752431,3.160785675048828,4.279743194580078,59.57666015625,6058.0,6078.0,139.26025390625,5182.0,5182.0,0,11100,384
1784211037.2307174,115.36369248231252,3.160785675048828,4.300811767578125,59.57666015625,6058.0,6078.0,139.26025390625,5182.0,5182.0,0,11150,384
1784211068.2040079,115.87991398970286,3.160785675048828,4.289241790771484,59.57666015625,6058.0,6078.0,139.26025390625,5182.0,5182.0,0,11200,384
1784211098.633139,116.38706616560619,3.160785675048828,4.277683258056641,59.57666015625,6058.0,6078.0,139.26025390625,5182.0,5182.0,0,11250,384
1784211129.0723712,116.89438670476278,3.160785675048828,4.284435272216797,59.57666015625,6058.0,6078.0,139.26025390625,5182.0,5182.0,0,11300,384
1784211159.5853968,117.40293713410695,3.160785675048828,4.2771759033203125,59.57666015625,6058.0,6078.0,139.26025390625,5182.0,5182.0,0,11350,384
1784211190.59352,117.9197391907374,3.160785675048828,4.303119659423828,59.57666015625,6058.0,6078.0,139.26025390625,5182.0,5182.0,0,11400,384
1784211221.187199,118.42963384389877,3.160785675048828,4.300739288330078,59.57666015625,6058.0,6078.0,139.26025390625,5182.0,5182.0,0,11450,384
1784211251.7294335,118.93867107629777,3.160785675048828,4.284168243408203,59.57666015625,6058.0,6078.0,139.26025390625,5182.0,5182.0,0,11500,384
1784211281.6769505,119.43779636621476,3.160785675048828,4.288349151611328,59.13916015625,6058.0,6078.0,141.01025390625,5182.0,5182.0,0,11550,384
1784211312.1991498,119.94649968544643,3.160785675048828,4.2880859375,59.57666015625,6058.0,6078.0,139.26025390625,5182.0,5182.0,0,11600,384
1784211342.7365007,120.45545553366343,3.160785675048828,4.282264709472656,59.57666015625,6058.0,6078.0,139.26025390625,5182.0,5182.0,0,11650,384
1784211373.4417238,120.96720925569534,3.160785675048828,4.279506683349609,59.57666015625,6058.0,6078.0,139.26025390625,5182.0,5182.0,0,11700,384
1784211404.368316,121.48265244960785,3.160785675048828,4.288097381591797,59.57666015625,6058.0,6078.0,139.26025390625,5182.0,5182.0,0,11750,384
1784211434.8724263,121.99105429251989,3.160785675048828,4.2716522216796875,59.57666015625,6058.0,6078.0,139.26025390625,5182.0,5182.0,0,11800,384
1784211464.7986357,122.48982444604238,3.160785675048828,4.29345703125,59.57666015625,6058.0,6078.0,139.26025390625,5182.0,5182.0,0,11850,384
1784211494.698723,122.98815923929214,3.160785675048828,4.281036376953125,59.57666015625,6058.0,6078.0,139.26025390625,5182.0,5182.0,0,11900,384
1784211524.470986,123.48436361948649,3.160785675048828,4.274147033691406,59.57666015625,6058.0,6078.0,139.26025390625,5182.0,5182.0,0,11950,384
1784211554.3148873,123.9817619840304,3.160785675048828,4.298763275146484,59.57666015625,6058.0,6078.0,139.26025390625,5182.0,5182.0,0,12000,384
1784211584.4732068,124.48440063397089,3.160785675048828,4.2829437255859375,59.57666015625,6058.0,6078.0,139.26025390625,5182.0,5182.0,0,12050,384
1784211613.6907535,124.97135974168778,3.160785675048828,4.286388397216797,59.13916015625,6058.0,6078.0,141.01025390625,5182.0,5182.0,0,12100,384
1784211643.6136165,125.47007412910462,3.160785675048828,4.289264678955078,59.57666015625,6058.0,6078.0,139.26025390625,5182.0,5182.0,0,12150,384
1784211674.10145,125.97820468346278,3.160785675048828,4.294929504394531,59.57666015625,6058.0,6078.0,139.26025390625,5182.0,5182.0,0,12200,384
1784211704.5394564,126.48550479412079,3.160785675048828,4.278564453125,59.57666015625,6058.0,6078.0,139.26025390625,5182.0,5182.0,0,12250,384
1784211735.4560475,127.00078131755193,3.160785675048828,4.294013977050781,59.57666015625,6058.0,6078.0,139.26025390625,5182.0,5182.0,0,12300,384
1784211765.9432194,127.50890084505082,3.160785675048828,4.2834320068359375,59.57666015625,6058.0,6078.0,139.26025390625,5182.0,5182.0,0,12350,384
1784211796.5325768,128.01872346798578,3.160785675048828,4.291622161865234,59.57666015625,6058.0,6078.0,139.26025390625,5182.0,5182.0,0,12400,384
1784211826.9314501,128.52537136077882,3.160785675048828,4.286685943603516,59.57666015625,6058.0,6078.0,139.26025390625,5182.0,5182.0,0,12450,384
1784211857.830582,129.04035688638686,3.160785675048828,4.293849945068359,59.57666015625,6058.0,6078.0,139.26025390625,5182.0,5182.0,0,12500,384
1784211888.3399959,129.54884711503982,3.160785675048828,4.2794189453125,59.57666015625,6058.0,6078.0,139.26025390625,5182.0,5182.0,0,12550,384
1784211918.8299341,130.05701275666556,3.160785675048828,4.2718963623046875,59.57666015625,6058.0,6078.0,139.26025390625,5182.0,5182.0,0,12600,384
1784211948.7249246,130.55526260137557,3.160785675048828,4.282497406005859,59.13916015625,6058.0,6078.0,141.01025390625,5182.0,5182.0,0,12650,384
1784211979.9840055,131.07624727884928,3.160785675048828,4.270893096923828,59.57666015625,6058.0,6078.0,139.26025390625,5182.0,5182.0,0,12700,384
1784212010.7593427,131.58916956186295,3.160785675048828,4.2726898193359375,59.57666015625,6058.0,6078.0,139.26025390625,5182.0,5182.0,0,12750,384
1784212041.3055677,132.09827332894008,3.160785675048828,4.2873687744140625,59.57666015625,6058.0,6078.0,139.26025390625,5182.0,5182.0,0,12800,384
1784212071.272495,132.59772210915884,3.160785675048828,4.30120849609375,59.57666015625,6058.0,6078.0,139.26025390625,5182.0,5182.0,0,12850,384
1784212101.313043,133.09839791059494,3.160785675048828,4.257293701171875,59.57666015625,6058.0,6078.0,139.26025390625,5182.0,5182.0,0,12900,384
1784212131.381318,133.5995358188947,3.160785675048828,4.286430358886719,59.57666015625,6058.0,6078.0,139.26025390625,5182.0,5182.0,0,12950,384
1784212161.5605204,134.1025225241979,3.160785675048828,4.284141540527344,59.57666015625,6058.0,6078.0,139.26025390625,5182.0,5182.0,0,13000,384
1784212192.4785852,134.61782361268996,3.160785675048828,4.299594879150391,59.57666015625,6058.0,6078.0,139.26025390625,5182.0,5182.0,0,13050,384
1784212222.9372447,135.12546793222427,3.160785675048828,4.281280517578125,59.57666015625,6058.0,6078.0,139.26025390625,5182.0,5182.0,0,13100,384
1784212253.4636173,135.6342408100764,3.160785675048828,4.270404815673828,59.57666015625,6058.0,6078.0,139.26025390625,5182.0,5182.0,0,13150,384
1784212283.5023508,136.13488636811573,3.160785675048828,4.265113830566406,59.13916015625,6058.0,6078.0,141.01025390625,5182.0,5182.0,0,13200,384
1784212314.7916675,136.65637497901918,3.160785675048828,4.291633605957031,59.57666015625,6058.0,6078.0,139.26025390625,5182.0,5182.0,0,13250,384
1784212345.3544383,137.16575449705124,3.160785675048828,4.3040771484375,59.57666015625,6058.0,6078.0,139.26025390625,5182.0,5182.0,0,13300,384
1784212376.0463722,137.67728672822315,3.160785675048828,4.279590606689453,59.57666015625,6058.0,6078.0,139.26025390625,5182.0,5182.0,0,13350,384
1784212407.2795348,138.19783943891525,3.160785675048828,4.290866851806641,59.57666015625,6058.0,6078.0,139.26025390625,5182.0,5182.0,0,13400,384
1784212437.912949,138.7083963394165,3.160785675048828,4.2907562255859375,59.57666015625,6058.0,6078.0,139.26025390625,5182.0,5182.0,0,13450,384
1784212468.4652636,139.21760158141453,3.160785675048828,4.267120361328125,59.57666015625,6058.0,6078.0,139.26025390625,5182.0,5182.0,0,13500,384
1784212498.6249838,139.72026358445484,3.160785675048828,4.2895660400390625,59.57666015625,6058.0,6078.0,139.26025390625,5182.0,5182.0,0,13550,384
1784212529.1265397,140.22862284580867,3.160785675048828,4.301227569580078,59.57666015625,6058.0,6078.0,139.26025390625,5182.0,5182.0,0,13600,384
1784212559.4519296,140.73404601414998,3.160785675048828,4.26641845703125,59.57666015625,6058.0,6078.0,139.26025390625,5182.0,5182.0,0,13650,384
1784212589.8134873,141.2400719801585,3.160785675048828,4.278572082519531,59.57666015625,6058.0,6078.0,139.26025390625,5182.0,5182.0,0,13700,384
1784212619.674103,141.7377489089966,3.160785675048828,4.259040832519531,59.13916015625,6058.0,6078.0,141.01025390625,5182.0,5182.0,0,13750,384
1784212650.3091269,142.24833263556164,3.160785675048828,4.288246154785156,59.57666015625,6058.0,6078.0,139.26025390625,5182.0,5182.0,0,13800,384
1784212680.2131343,142.74673275550205,3.160785675048828,4.288360595703125,59.57666015625,6058.0,6078.0,139.26025390625,5182.0,5182.0,0,13850,384
1784212710.1028378,143.2448944846789,3.160785675048828,4.291156768798828,59.57666015625,6058.0,6078.0,139.26025390625,5182.0,5182.0,0,13900,384
1784212740.7355216,143.7554392139117,3.160785675048828,4.304298400878906,59.57666015625,6058.0,6078.0,139.26025390625,5182.0,5182.0,0,13950,384
1784212771.2004147,144.2631874402364,3.160785675048828,4.294456481933594,59.57666015625,6058.0,6078.0,139.26025390625,5182.0,5182.0,0,14000,384
1784212801.5580616,144.7691482146581,3.160785675048828,4.287059783935547,59.57666015625,6058.0,6078.0,139.26025390625,5182.0,5182.0,0,14050,384
1784212831.9564142,145.27578742106755,3.160785675048828,4.259922027587891,59.57666015625,6058.0,6078.0,139.26025390625,5182.0,5182.0,0,14100,384
1784212862.8119133,145.79004574219385,3.160785675048828,4.298618316650391,59.57666015625,6058.0,6078.0,139.26025390625,5182.0,5182.0,0,14150,384
1784212893.3000987,146.2981821656227,3.160785675048828,4.276817321777344,59.57666015625,6058.0,6078.0,139.26025390625,5182.0,5182.0,0,14200,384
1784212923.8759527,146.80777973333994,3.160785675048828,4.291080474853516,59.57666015625,6058.0,6078.0,139.26025390625,5182.0,5182.0,0,14250,384
1784212954.0121012,147.31004887421926,3.160785675048828,4.288875579833984,59.13916015625,6058.0,6078.0,141.01025390625,5182.0,5182.0,0,14300,384
1784212985.4732134,147.83440074125926,3.160785675048828,4.286319732666016,59.57666015625,6058.0,6078.0,139.26025390625,5182.0,5182.0,0,14350,384
1784213015.8763309,148.34111936887106,3.160785675048828,4.280975341796875,59.57666015625,6058.0,6078.0,139.26025390625,5182.0,5182.0,0,14400,384
1784213046.3052375,148.84826781352362,3.160785675048828,4.276355743408203,59.57666015625,6058.0,6078.0,139.26025390625,5182.0,5182.0,0,14450,384
1784213077.1933715,149.36307005484898,3.160785675048828,4.276767730712891,59.57666015625,6058.0,6078.0,139.26025390625,5182.0,5182.0,0,14500,384
1784213107.62983,149.87034435272216,3.160785675048828,4.284187316894531,59.57666015625,6058.0,6078.0,139.26025390625,5182.0,5182.0,0,14550,384
1784213137.8781064,150.3744822939237,3.160785675048828,4.299777984619141,59.57666015625,6058.0,6078.0,139.26025390625,5182.0,5182.0,0,14600,384
1784213168.1529386,150.8790628393491,3.160785675048828,4.280925750732422,59.57666015625,6058.0,6078.0,139.26025390625,5182.0,5182.0,0,14650,384
1784213199.2145398,151.39675618012745,3.160785675048828,4.30517578125,59.57666015625,6058.0,6078.0,139.26025390625,5182.0,5182.0,0,14700,384
1784213229.8123167,151.9067191362381,3.160785675048828,4.306640625,59.57666015625,6058.0,6078.0,139.26025390625,5182.0,5182.0,0,14750,384
1784213260.164396,152.41258712212246,3.160785675048828,4.278076171875,59.57666015625,6058.0,6078.0,139.26025390625,5182.0,5182.0,0,14800,384
1784213289.8906152,152.90802411238352,3.160785675048828,4.277210235595703,59.13916015625,6058.0,6078.0,141.01025390625,5182.0,5182.0,0,14850,384
1784213321.2004626,153.42985489765803,3.160785675048828,4.292949676513672,59.57666015625,6058.0,6078.0,139.26025390625,5182.0,5182.0,0,14900,384
1784213351.6291168,153.93699913422267,3.160785675048828,4.303016662597656,59.57666015625,6058.0,6078.0,139.26025390625,5182.0,5182.0,0,14950,384
1784213382.154374,154.4457534233729,3.160785675048828,4.289497375488281,59.57666015625,6058.0,6078.0,139.26025390625,5182.0,5182.0,0,15000,384
1784213413.4166796,154.96679185628892,3.160785675048828,4.28082275390625,59.57666015625,6058.0,6078.0,139.26025390625,5182.0,5182.0,0,15050,384
1784213443.8315744,155.47370676596958,3.160785675048828,4.293643951416016,59.57666015625,6058.0,6078.0,139.26025390625,5182.0,5182.0,0,15100,384
1784213474.420958,155.98352982203167,3.160785675048828,4.2785491943359375,59.57666015625,6058.0,6078.0,139.26025390625,5182.0,5182.0,0,15150,384
1784213505.3178787,156.49847850004832,3.160785675048828,4.2806243896484375,59.57666015625,6058.0,6078.0,139.26025390625,5182.0,5182.0,0,15200,384
1784213536.277831,157.01447770992914,3.160785675048828,4.29638671875,59.57666015625,6058.0,6078.0,139.26025390625,5182.0,5182.0,0,15250,384
1784213566.7865381,157.5229561607043,3.160785675048828,4.291500091552734,59.57666015625,6058.0,6078.0,139.26025390625,5182.0,5182.0,0,15300,384
1784213597.1177154,158.0284757812818,3.160785675048828,4.295757293701172,59.57666015625,6058.0,6078.0,139.26025390625,5182.0,5182.0,0,15350,384
1784213627.1010396,158.52819784879685,3.160785675048828,4.284843444824219,59.13916015625,6058.0,6078.0,141.01025390625,5182.0,5182.0,0,15400,384
1784213658.4594886,159.0508386651675,3.160785675048828,4.297748565673828,59.57666015625,6058.0,6078.0,139.26025390625,5182.0,5182.0,0,15450,384
1784213688.7750666,159.55609829823177,3.160785675048828,4.289604187011719,59.57666015625,6058.0,6078.0,139.26025390625,5182.0,5182.0,0,15500,384
1784213719.3998077,160.06651064952214,3.160785675048828,4.287605285644531,59.57666015625,6058.0,6078.0,139.26025390625,5182.0,5182.0,0,15550,384
1784213750.3620741,160.5825484196345,3.160785675048828,4.301921844482422,59.57666015625,6058.0,6078.0,139.26025390625,5182.0,5182.0,0,15600,384
1784213780.721881,161.08854520320892,3.160785675048828,4.275718688964844,59.57666015625,6058.0,6078.0,139.26025390625,5182.0,5182.0,0,15650,384
1784213810.929486,161.59200528860092,3.160785675048828,4.2659454345703125,59.57666015625,6058.0,6078.0,139.26025390625,5182.0,5182.0,0,15700,384
1784213841.2612906,162.09753536383312,3.160785675048828,4.264408111572266,59.57666015625,6058.0,6078.0,139.26025390625,5182.0,5182.0,0,15750,384
1784213872.1056285,162.61160765886308,3.160785675048828,4.296825408935547,59.57666015625,6058.0,6078.0,139.26025390625,5182.0,5182.0,0,15800,384
1784213902.4565716,163.11745671828587,3.160785675048828,4.267406463623047,59.57666015625,6058.0,6078.0,139.26025390625,5182.0,5182.0,0,15850,384
1784213932.890329,163.62468599875768,3.160785675048828,4.278919219970703,59.57666015625,6058.0,6078.0,139.26025390625,5182.0,5182.0,0,15900,384
1784213963.2796588,164.1311748345693,3.160785675048828,4.278636932373047,59.13916015625,6058.0,6078.0,141.01025390625,5182.0,5182.0,0,15950,384
1784213994.7443964,164.6555871327718,3.160785675048828,4.2796630859375,59.57666015625,6058.0,6078.0,139.26025390625,5182.0,5182.0,0,16000,384
1784214025.7954278,165.17310431400935,3.160785675048828,4.279575347900391,59.57666015625,6058.0,6078.0,139.26025390625,5182.0,5182.0,0,16050,384
1784214056.433059,165.683731508255,3.160785675048828,4.2882080078125,59.57666015625,6058.0,6078.0,139.26025390625,5182.0,5182.0,0,16100,384
1784214087.3551936,166.19910041093826,3.160785675048828,4.291236877441406,59.57666015625,6058.0,6078.0,139.26025390625,5182.0,5182.0,0,16150,384
1784214117.8490481,166.70733131965002,3.160785675048828,4.278179168701172,59.57666015625,6058.0,6078.0,139.26025390625,5182.0,5182.0,0,16200,384
1784214148.214855,167.2134281039238,3.160785675048828,4.270633697509766,59.57666015625,6058.0,6078.0,139.26025390625,5182.0,5182.0,0,16250,384
1784214178.6344194,167.72042084534962,3.160785675048828,4.279243469238281,59.57666015625,6058.0,6078.0,139.26025390625,5182.0,5182.0,0,16300,384
1784214209.7109485,168.2383629957835,3.160785675048828,4.283241271972656,59.57666015625,6058.0,6078.0,139.26025390625,5182.0,5182.0,0,16350,384
1784214240.2402933,168.7471854130427,3.160785675048828,4.271343231201172,59.57666015625,6058.0,6078.0,139.26025390625,5182.0,5182.0,0,16400,384
1784214270.80912,169.2566658536593,3.160785675048828,4.287467956542969,59.57666015625,6058.0,6078.0,139.26025390625,5182.0,5182.0,0,16450,384
1784214300.7688396,169.75599452257157,3.160785675048828,4.2914886474609375,59.13916015625,6058.0,6078.0,141.01025390625,5182.0,5182.0,0,16500,384
1784214410.6589987,171.58749716679256,3.4994430541992188,4.626136779785156,59.57666015625,6058.0,6078.0,140.01025390625,4878.0,5696.0,1,16550,384
1784214439.9948409,172.07642786900203,3.4994430541992188,4.640724182128906,59.57666015625,6058.0,6078.0,140.01025390625,4878.0,5696.0,1,16600,384
1784214468.982782,172.5595602194468,3.468189239501953,4.598354339599609,59.57666015625,6058.0,6078.0,140.01025390625,4878.0,5696.0,1,16650,384
1784214497.764472,173.0392550468445,3.4994430541992188,4.644985198974609,59.57666015625,6058.0,6078.0,140.01025390625,4878.0,5696.0,1,16700,384
1784214526.8433342,173.52390275796253,3.4994430541992188,4.650054931640625,59.57666015625,6058.0,6078.0,140.01025390625,4878.0,5696.0,1,16750,384
1784214555.9810379,174.00953115224837,3.4994430541992188,4.648216247558594,59.57666015625,6058.0,6078.0,140.01025390625,4878.0,5696.0,1,16800,384
1784214584.9429872,174.49223030805587,3.468189239501953,4.57659912109375,59.57666015625,6058.0,6078.0,140.01025390625,4878.0,5696.0,1,16850,384
1784214613.7031243,174.971565926075,3.468189239501953,4.586818695068359,59.57666015625,6058.0,6078.0,140.01025390625,4878.0,5696.0,1,16900,384
1784214642.670695,175.45435877641043,3.4994430541992188,4.618656158447266,59.57666015625,6058.0,6078.0,140.01025390625,4878.0,5696.0,1,16950,384
1784214671.6931226,175.93806589841842,3.4994430541992188,4.646579742431641,59.57666015625,6058.0,6078.0,140.01025390625,4878.0,5696.0,1,17000,384
1784214700.2908409,176.41469453573228,3.468189239501953,4.59576416015625,59.13916015625,6058.0,6078.0,140.76025390625,4878.0,5696.0,1,17050,384
1784214729.6045752,176.90325678189595,3.4994430541992188,4.644718170166016,59.57666015625,6058.0,6078.0,140.01025390625,4878.0,5696.0,1,17100,384
1784214758.6332405,177.38706786632537,3.4994430541992188,4.627933502197266,59.57666015625,6058.0,6078.0,140.01025390625,4878.0,5696.0,1,17150,384
1784214787.697057,177.8714648048083,3.4994430541992188,4.626670837402344,59.57666015625,6058.0,6078.0,140.01025390625,4878.0,5696.0,1,17200,384
1784214816.5881062,178.35298229455947,3.4994430541992188,4.630771636962891,59.57666015625,6058.0,6078.0,140.01025390625,4878.0,5696.0,1,17250,384
1784214845.7080057,178.83831394513447,3.4994430541992188,4.654247283935547,59.57666015625,6058.0,6078.0,140.01025390625,4878.0,5696.0,1,17300,384
1784214874.7736342,179.322741095225,3.4994430541992188,4.627719879150391,59.57666015625,6058.0,6078.0,140.01025390625,4878.0,5696.0,1,17350,384
1784214903.7917016,179.80637555122377,3.4994430541992188,4.617622375488281,59.57666015625,6058.0,6078.0,140.01025390625,4878.0,5696.0,1,17400,384
1784214932.631317,180.28703580697376,3.4994430541992188,4.624908447265625,59.57666015625,6058.0,6078.0,140.01025390625,4878.0,5696.0,1,17450,384
1784214961.66521,180.77093402544656,3.4994430541992188,4.6268157958984375,59.57666015625,6058.0,6078.0,140.01025390625,4878.0,5696.0,1,17500,384
1784214990.780336,181.25618612368902,3.4994430541992188,4.615505218505859,59.57666015625,6058.0,6078.0,140.01025390625,4878.0,5696.0,1,17550,384
1784215019.4223974,181.73355381886165,3.4994430541992188,4.628353118896484,59.13916015625,6058.0,6078.0,140.76025390625,4878.0,5696.0,1,17600,384
1784215048.6803348,182.22118610143661,3.4994430541992188,4.625545501708984,59.57666015625,6058.0,6078.0,140.01025390625,4878.0,5696.0,1,17650,384
1784215077.5983918,182.70315371751786,3.468189239501953,4.574581146240234,59.57666015625,6058.0,6078.0,140.01025390625,4878.0,5696.0,1,17700,384
1784215106.6074708,183.18663836717604,3.4994430541992188,4.620922088623047,59.57666015625,6058.0,6078.0,140.01025390625,4878.0,5696.0,1,17750,384
1784215135.346962,183.66562989155452,3.4994430541992188,4.629123687744141,59.57666015625,6058.0,6078.0,140.01025390625,4878.0,5696.0,1,17800,384
1784215164.3262823,184.14861856301624,3.4994430541992188,4.613288879394531,59.57666015625,6058.0,6078.0,140.01025390625,4878.0,5696.0,1,17850,384
1784215193.2795339,184.63117274840673,3.4994430541992188,4.619300842285156,59.57666015625,6058.0,6078.0,140.01025390625,4878.0,5696.0,1,17900,384
1784215222.2178936,185.11347875197728,3.4994430541992188,4.6137237548828125,59.57666015625,6058.0,6078.0,140.01025390625,4878.0,5696.0,1,17950,384
1784215250.957722,185.59247588713964,3.4994430541992188,4.609077453613281,59.57666015625,6058.0,6078.0,140.01025390625,4878.0,5696.0,1,18000,384
1784215279.9060752,186.07494844198226,3.4994430541992188,4.616374969482422,59.57666015625,6058.0,6078.0,140.01025390625,4878.0,5696.0,1,18050,384
1784215308.8779173,186.5578124801318,3.468189239501953,4.5937347412109375,59.57666015625,6058.0,6078.0,140.01025390625,4878.0,5696.0,1,18100,384
1784215337.4560022,187.03411389589309,3.4994430541992188,4.634571075439453,59.13916015625,6058.0,6078.0,140.76025390625,4878.0,5696.0,1,18150,384
1784215366.6653752,187.52093677918117,3.4994430541992188,4.608970642089844,59.57666015625,6058.0,6078.0,140.01025390625,4878.0,5696.0,1,18200,384
1784215395.6505425,188.0040229042371,3.4994430541992188,4.604961395263672,59.57666015625,6058.0,6078.0,140.01025390625,4878.0,5696.0,1,18250,384
1784215424.6183212,188.48681920369467,3.4994430541992188,4.59185791015625,59.57666015625,6058.0,6078.0,140.01025390625,4878.0,5696.0,1,18300,384
1784215453.437518,188.9671391526858,3.4994430541992188,4.605751037597656,59.57666015625,6058.0,6078.0,140.01025390625,4878.0,5696.0,1,18350,384
1784215482.421134,189.4501994252205,3.4994430541992188,4.604530334472656,59.57666015625,6058.0,6078.0,140.01025390625,4878.0,5696.0,1,18400,384
1784215511.4248574,189.93359481493633,3.4994430541992188,4.613193511962891,59.57666015625,6058.0,6078.0,140.01025390625,4878.0,5696.0,1,18450,384
1784215540.3915133,190.41637241045635,3.468189239501953,4.582035064697266,59.57666015625,6058.0,6078.0,140.01025390625,4878.0,5696.0,1,18500,384
1784215569.1933794,190.89640351136526,3.4994430541992188,4.6172027587890625,59.57666015625,6058.0,6078.0,140.01025390625,4878.0,5696.0,1,18550,384
1784215598.206301,191.37995220422744,3.4994430541992188,4.627056121826172,59.57666015625,6058.0,6078.0,140.01025390625,4878.0,5696.0,1,18600,384
1784215627.1769772,191.8627968152364,3.4994430541992188,4.614048004150391,59.57666015625,6058.0,6078.0,140.01025390625,4878.0,5696.0,1,18650,384
1784215655.7692354,192.33933444817862,3.4994430541992188,4.614044189453125,59.13916015625,6058.0,6078.0,140.76025390625,4878.0,5696.0,1,18700,384
1784215684.9100382,192.82501449584962,3.468189239501953,4.591773986816406,59.57666015625,6058.0,6078.0,140.01025390625,4878.0,5696.0,1,18750,384
1784215713.9046698,193.3082583506902,3.4994430541992188,4.617362976074219,59.57666015625,6058.0,6078.0,140.01025390625,4878.0,5696.0,1,18800,384
1784215742.8461533,193.7906164050102,3.4994430541992188,4.622245788574219,59.57666015625,6058.0,6078.0,140.01025390625,4878.0,5696.0,1,18850,384
1784215771.6160908,194.27011536757152,3.4994430541992188,4.6636962890625,59.57666015625,6058.0,6078.0,140.01025390625,4878.0,5696.0,1,18900,384
1784215800.5779128,194.75281240145367,3.4994430541992188,4.636100769042969,59.57666015625,6058.0,6078.0,140.01025390625,4878.0,5696.0,1,18950,384
1784215829.5525217,195.23572255373,3.4994430541992188,4.636314392089844,59.57666015625,6058.0,6078.0,140.01025390625,4878.0,5696.0,1,19000,384
1784215858.521305,195.71853560606638,3.4994430541992188,4.624290466308594,59.57666015625,6058.0,6078.0,140.01025390625,4878.0,5696.0,1,19050,384
1784215887.2812762,196.19786845842998,3.4994430541992188,4.654132843017578,59.57666015625,6058.0,6078.0,140.01025390625,4878.0,5696.0,1,19100,384
1784215916.2575521,196.68080639044445,3.4994430541992188,4.640010833740234,59.57666015625,6058.0,6078.0,140.01025390625,4878.0,5696.0,1,19150,384
1784215945.217653,197.16347473859787,3.4994430541992188,4.637092590332031,59.57666015625,6058.0,6078.0,140.01025390625,4878.0,5696.0,1,19200,384
1784215973.7759233,197.6394459048907,3.4994430541992188,4.641750335693359,59.13916015625,6058.0,6078.0,140.76025390625,4878.0,5696.0,1,19250,384
1784216002.9619532,198.12587974468866,3.4994430541992188,4.609104156494141,59.57666015625,6058.0,6078.0,140.01025390625,4878.0,5696.0,1,19300,384
1784216031.8987,198.60815885066987,3.468189239501953,4.582061767578125,59.57666015625,6058.0,6078.0,140.01025390625,4878.0,5696.0,1,19350,384
1784216060.8916674,199.09137498140336,3.4994430541992188,4.633049011230469,59.57666015625,6058.0,6078.0,140.01025390625,4878.0,5696.0,1,19400,384
1784216089.632359,199.57038650512695,3.4994430541992188,4.6112823486328125,59.57666015625,6058.0,6078.0,140.01025390625,4878.0,5696.0,1,19450,384
1784216118.6040971,200.05324880679447,3.4994430541992188,4.636665344238281,59.57666015625,6058.0,6078.0,140.01025390625,4878.0,5696.0,1,19500,384
1784216147.555064,200.53576492071153,3.4994430541992188,4.625705718994141,59.57666015625,6058.0,6078.0,140.01025390625,4878.0,5696.0,1,19550,384
1784216176.537552,201.01880638599397,3.4994430541992188,4.623786926269531,59.57666015625,6058.0,6078.0,140.01025390625,4878.0,5696.0,1,19600,384
1784216205.2957299,201.49810935258864,3.4994430541992188,4.6154327392578125,59.57666015625,6058.0,6078.0,140.01025390625,4878.0,5696.0,1,19650,384
1784216234.2541049,201.9807489355405,3.4994430541992188,4.590328216552734,59.57666015625,6058.0,6078.0,140.01025390625,4878.0,5696.0,1,19700,384
1784216263.2033763,202.46323679288227,3.468189239501953,4.5786285400390625,59.57666015625,6058.0,6078.0,140.01025390625,4878.0,5696.0,1,19750,384
1784216291.758942,202.93916289409,3.4994430541992188,4.6053009033203125,59.13916015625,6058.0,6078.0,140.76025390625,4878.0,5696.0,1,19800,384
1784216320.9369187,203.42546250025433,3.4994430541992188,4.6239776611328125,59.57666015625,6058.0,6078.0,140.01025390625,4878.0,5696.0,1,19850,384
1784216349.9816723,203.90954172611237,3.4994430541992188,4.630851745605469,59.57666015625,6058.0,6078.0,140.01025390625,4878.0,5696.0,1,19900,384
1784216378.987225,204.39296760559083,3.4994430541992188,4.613552093505859,59.57666015625,6058.0,6078.0,140.01025390625,4878.0,5696.0,1,19950,384
1784216407.7875412,204.8729728738467,3.468189239501953,4.584789276123047,59.57666015625,6058.0,6078.0,140.01025390625,4878.0,5696.0,1,20000,384
1784216437.1432235,205.36223425070446,3.505321502685547,4.628898620605469,59.57666015625,6058.0,6078.0,140.01025390625,4878.0,5696.0,1,20050,384
1784216466.1415849,205.8455402692159,3.505321502685547,4.615882873535156,59.57666015625,6058.0,6078.0,140.01025390625,4878.0,5696.0,1,20100,384
1784216495.1880143,206.32964742978413,3.505321502685547,4.6397857666015625,59.57666015625,6058.0,6078.0,140.01025390625,4878.0,5696.0,1,20150,384
1784216524.0537262,206.81074262857436,3.5365753173828125,4.675895690917969,59.57666015625,6058.0,6078.0,140.01025390625,4878.0,5696.0,1,20200,384
1784216553.1514575,207.29570481379827,3.5365753173828125,4.679630279541016,59.57666015625,6058.0,6078.0,140.01025390625,4878.0,5696.0,1,20250,384
1784216582.1761184,207.77944916089376,3.5365753173828125,4.679973602294922,59.57666015625,6058.0,6078.0,140.01025390625,4878.0,5696.0,1,20300,384
1784216610.7995298,208.2565060178439,3.5365753173828125,4.661220550537109,59.13916015625,6058.0,6078.0,140.76025390625,4878.0,5696.0,1,20350,384
1784216640.0315366,208.7437061270078,3.505321502685547,4.6362762451171875,59.57666015625,6058.0,6078.0,140.01025390625,4878.0,5696.0,1,20400,384
1784216669.0069208,209.22662920157114,3.505321502685547,4.631465911865234,59.57666015625,6058.0,6078.0,140.01025390625,4878.0,5696.0,1,20450,384
1784216698.0320158,209.7103807926178,3.505321502685547,4.627117156982422,59.57666015625,6058.0,6078.0,140.01025390625,4878.0,5696.0,1,20500,384
1784216726.8762386,210.1911178310712,3.5365753173828125,4.658840179443359,59.57666015625,6058.0,6078.0,140.01025390625,4878.0,5696.0,1,20550,384
1784216755.8975396,210.67480618158976,3.5365753173828125,4.673069000244141,59.57666015625,6058.0,6078.0,140.01025390625,4878.0,5696.0,1,20600,384
1784216784.9140632,211.15841490825017,3.5365753173828125,4.655536651611328,59.57666015625,6058.0,6078.0,140.01025390625,4878.0,5696.0,1,20650,384
1784216814.0296571,211.64367480278014,3.5365753173828125,4.6546173095703125,59.57666015625,6058.0,6078.0,140.01025390625,4878.0,5696.0,1,20700,384
1784216842.8353171,212.12376914024352,3.505321502685547,4.608726501464844,59.57666015625,6058.0,6078.0,140.01025390625,4878.0,5696.0,1,20750,384
1784216871.8118176,212.60671083132425,3.505321502685547,4.6284942626953125,59.57666015625,6058.0,6078.0,140.01025390625,4878.0,5696.0,1,20800,384
1784216900.8391993,213.09050051371256,3.505321502685547,4.6107025146484375,59.57666015625,6058.0,6078.0,140.01025390625,4878.0,5696.0,1,20850,384
1784216929.3920262,213.5663809577624,3.505321502685547,4.612056732177734,59.13916015625,6058.0,6078.0,140.76025390625,4878.0,5696.0,1,20900,384
1784216958.5691986,214.05266716480256,3.5365753173828125,4.666358947753906,59.57666015625,6058.0,6078.0,140.01025390625,4878.0,5696.0,1,20950,384
1784216987.542463,214.53555490573248,3.5365753173828125,4.654052734375,59.57666015625,6058.0,6078.0,140.01025390625,4878.0,5696.0,1,21000,384
1784217016.479645,215.01784126758577,3.5365753173828125,4.655475616455078,59.57666015625,6058.0,6078.0,140.01025390625,4878.0,5696.0,1,21050,384
1784217045.221901,215.49687887827557,3.505321502685547,4.625942230224609,59.57666015625,6058.0,6078.0,140.01025390625,4878.0,5696.0,1,21100,384
1784217074.2102213,215.98001754283905,3.505321502685547,4.612003326416016,59.57666015625,6058.0,6078.0,140.01025390625,4878.0,5696.0,1,21150,384
1784217103.1504898,216.4623553474744,3.505321502685547,4.602245330810547,59.57666015625,6058.0,6078.0,140.01025390625,4878.0,5696.0,1,21200,384
1784217132.1272912,216.94530203739802,3.505321502685547,4.614315032958984,59.57666015625,6058.0,6078.0,140.01025390625,4878.0,5696.0,1,21250,384
1784217160.8928258,217.4247276186943,3.5365753173828125,4.6666259765625,59.57666015625,6058.0,6078.0,140.01025390625,4878.0,5696.0,1,21300,384
1784217189.8638818,217.90757854779562,3.5365753173828125,4.667915344238281,59.57666015625,6058.0,6078.0,140.01025390625,4878.0,5696.0,1,21350,384
1784217218.8143094,218.39008567730585,3.5365753173828125,4.657264709472656,59.57666015625,6058.0,6078.0,140.01025390625,4878.0,5696.0,1,21400,384
1784217247.3661427,218.86594957113266,3.5365753173828125,4.657352447509766,59.13916015625,6058.0,6078.0,140.76025390625,4878.0,5696.0,1,21450,384
1784217276.534953,219.35209640661876,3.505321502685547,4.6435089111328125,59.57666015625,6058.0,6078.0,140.01025390625,4878.0,5696.0,1,21500,384
1784217305.4837317,219.83457605044046,3.505321502685547,4.608524322509766,59.57666015625,6058.0,6078.0,140.01025390625,4878.0,5696.0,1,21550,384
1784217334.467557,220.3176398038864,3.505321502685547,4.6251220703125,59.57666015625,6058.0,6078.0,140.01025390625,4878.0,5696.0,1,21600,384
1784217363.2493,220.79733552138012,3.5365753173828125,4.672977447509766,59.57666015625,6058.0,6078.0,140.01025390625,4878.0,5696.0,1,21650,384
1784217392.2469025,221.28062889575958,3.5365753173828125,4.654472351074219,59.57666015625,6058.0,6078.0,140.01025390625,4878.0,5696.0,1,21700,384
1784217421.1914177,221.76303755044938,3.5365753173828125,4.653430938720703,59.57666015625,6058.0,6078.0,140.01025390625,4878.0,5696.0,1,21750,384
1784217450.1400647,222.24551493326823,3.5365753173828125,4.648124694824219,59.57666015625,6058.0,6078.0,140.01025390625,4878.0,5696.0,1,21800,384
1784217478.8691049,222.7243322690328,3.505321502685547,4.611293792724609,59.57666015625,6058.0,6078.0,140.01025390625,4878.0,5696.0,1,21850,384
1784217507.887474,223.2079717596372,3.505321502685547,4.629215240478516,59.57666015625,6058.0,6078.0,140.01025390625,4878.0,5696.0,1,21900,384
1784217536.8631744,223.6909000913302,3.505321502685547,4.6211090087890625,59.57666015625,6058.0,6078.0,140.01025390625,4878.0,5696.0,1,21950,384
1784217565.4136832,224.16674191157023,3.505321502685547,4.609096527099609,59.13916015625,6058.0,6078.0,140.76025390625,4878.0,5696.0,1,22000,384
1784217594.6406093,224.6538573384285,3.5365753173828125,4.668876647949219,59.57666015625,6058.0,6078.0,140.01025390625,4878.0,5696.0,1,22050,384
1784217623.6457057,225.1372756163279,3.5365753173828125,4.666709899902344,59.57666015625,6058.0,6078.0,140.01025390625,4878.0,5696.0,1,22100,384
1784217652.641154,225.62053308884302,3.5365753173828125,4.6579742431640625,59.57666015625,6058.0,6078.0,140.01025390625,4878.0,5696.0,1,22150,384
1784217681.3934693,226.09973834753038,3.505321502685547,4.6225128173828125,59.57666015625,6058.0,6078.0,140.01025390625,4878.0,5696.0,1,22200,384
1784217710.3637502,226.5825763543447,3.505321502685547,4.605625152587891,59.57666015625,6058.0,6078.0,140.01025390625,4878.0,5696.0,1,22250,384
1784217739.335266,227.06543495257696,3.505321502685547,4.6229248046875,59.57666015625,6058.0,6078.0,140.01025390625,4878.0,5696.0,1,22300,384
1784217768.3180075,227.54848064978918,3.505321502685547,4.619483947753906,59.57666015625,6058.0,6078.0,140.01025390625,4878.0,5696.0,1,22350,384
1784217797.1424549,228.0288881023725,3.5365753173828125,4.676906585693359,59.57666015625,6058.0,6078.0,140.01025390625,4878.0,5696.0,1,22400,384
1784217826.2036867,228.51324196656546,3.5365753173828125,4.678913116455078,59.57666015625,6058.0,6078.0,140.01025390625,4878.0,5696.0,1,22450,384
1784217855.2114913,228.99670537312826,3.5365753173828125,4.658885955810547,59.57666015625,6058.0,6078.0,140.01025390625,4878.0,5696.0,1,22500,384
1784217883.7915025,229.47303889989854,3.5365753173828125,4.660179138183594,59.13916015625,6058.0,6078.0,140.76025390625,4878.0,5696.0,1,22550,384
1784217912.9434564,229.95890479882559,3.505321502685547,4.626438140869141,59.57666015625,6058.0,6078.0,140.01025390625,4878.0,5696.0,1,22600,384
1784217941.9451988,230.44226716359455,3.505321502685547,4.620216369628906,59.57666015625,6058.0,6078.0,140.01025390625,4878.0,5696.0,1,22650,384
1784217970.9846663,230.926258289814,3.505321502685547,4.622108459472656,59.57666015625,6058.0,6078.0,140.01025390625,4878.0,5696.0,1,22700,384
1784217999.8051472,231.4065996368726,3.5365753173828125,4.673248291015625,59.57666015625,6058.0,6078.0,140.01025390625,4878.0,5696.0,1,22750,384
1784218028.7704353,231.8893544435501,3.5365753173828125,4.6630859375,59.57666015625,6058.0,6078.0,140.01025390625,4878.0,5696.0,1,22800,384
1784218057.7689009,232.37266220649084,3.5365753173828125,4.643959045410156,59.57666015625,6058.0,6078.0,140.01025390625,4878.0,5696.0,1,22850,384
1784218086.7615862,232.85587362448373,3.5365753173828125,4.635528564453125,59.57666015625,6058.0,6078.0,140.01025390625,4878.0,5696.0,1,22900,384
1784218115.5719874,233.33604698578517,3.505321502685547,4.633281707763672,59.57666015625,6058.0,6078.0,140.01025390625,4878.0,5696.0,1,22950,384
1784218144.6131747,233.82006676991782,3.505321502685547,4.6383056640625,59.57666015625,6058.0,6078.0,140.01025390625,4878.0,5696.0,1,23000,384
1784218173.6598437,234.30417791604995,3.505321502685547,4.6306610107421875,59.57666015625,6058.0,6078.0,140.01025390625,4878.0,5696.0,1,23050,384
1784218202.2269197,234.78029584884644,3.505321502685547,4.624168395996094,59.13916015625,6058.0,6078.0,140.76025390625,4878.0,5696.0,1,23100,384
1784218231.449401,235.26733720302582,3.5365753173828125,4.651039123535156,59.57666015625,6058.0,6078.0,140.01025390625,4878.0,5696.0,1,23150,384
1784218260.4449244,235.75059592723846,3.5365753173828125,4.658451080322266,59.57666015625,6058.0,6078.0,140.01025390625,4878.0,5696.0,1,23200,384
1784218289.428497,236.23365547657014,3.5365753173828125,4.652519226074219,59.57666015625,6058.0,6078.0,140.01025390625,4878.0,5696.0,1,23250,384
1784218318.1836057,236.71290728648503,3.505321502685547,4.621395111083984,59.57666015625,6058.0,6078.0,140.01025390625,4878.0,5696.0,1,23300,384
1784218347.1696372,237.19600780804953,3.505321502685547,4.609317779541016,59.57666015625,6058.0,6078.0,140.01025390625,4878.0,5696.0,1,23350,384
1784218376.1032035,237.67823391358058,3.505321502685547,4.615726470947266,59.57666015625,6058.0,6078.0,140.01025390625,4878.0,5696.0,1,23400,384
1784218405.0826128,238.16122406721115,3.505321502685547,4.605857849121094,59.57666015625,6058.0,6078.0,140.01025390625,4878.0,5696.0,1,23450,384
1784218433.871812,238.6410440603892,3.5365753173828125,4.659233093261719,59.57666015625,6058.0,6078.0,140.01025390625,4878.0,5696.0,1,23500,384
1784218462.8390417,239.1238312125206,3.5365753173828125,4.6673126220703125,59.57666015625,6058.0,6078.0,140.01025390625,4878.0,5696.0,1,23550,384
1784218491.8112614,239.6067015449206,3.5365753173828125,4.659420013427734,59.57666015625,6058.0,6078.0,140.01025390625,4878.0,5696.0,1,23600,384
1784218520.3510947,240.08236544529598,3.5365753173828125,4.652217864990234,59.13916015625,6058.0,6078.0,140.76025390625,4878.0,5696.0,1,23650,384
1784218549.5290568,240.56866480112075,3.505321502685547,4.616893768310547,59.57666015625,6058.0,6078.0,140.01025390625,4878.0,5696.0,1,23700,384
1784218578.4624467,241.050887966156,3.505321502685547,4.627685546875,59.57666015625,6058.0,6078.0,140.01025390625,4878.0,5696.0,1,23750,384
1784218607.441384,241.53387025992075,3.505321502685547,4.614128112792969,59.57666015625,6058.0,6078.0,140.01025390625,4878.0,5696.0,1,23800,384
1784218636.2069933,242.01329708099365,3.5365753173828125,4.665683746337891,59.57666015625,6058.0,6078.0,140.01025390625,4878.0,5696.0,1,23850,384
1784218665.17655,242.49612301588058,3.5365753173828125,4.662986755371094,59.57666015625,6058.0,6078.0,140.01025390625,4878.0,5696.0,1,23900,384
1784218694.1504002,242.9790205279986,3.5365753173828125,4.6569061279296875,59.57666015625,6058.0,6078.0,140.01025390625,4878.0,5696.0,1,23950,384
1784218723.1050806,243.46159853140514,3.5365753173828125,4.646907806396484,59.57666015625,6058.0,6078.0,140.01025390625,4878.0,5696.0,1,24000,384
1784218752.2081974,243.94665047725042,3.5365753173828125,4.662609100341797,59.57666015625,6058.0,6078.0,140.01025390625,4878.0,5696.0,1,24050,384
1784218781.1812189,244.4295341650645,3.5365753173828125,4.649761199951172,59.57666015625,6058.0,6078.0,140.01025390625,4878.0,5696.0,1,24100,384
1784218810.1729572,244.91272980769475,3.5365753173828125,4.648712158203125,59.57666015625,6058.0,6078.0,140.01025390625,4878.0,5696.0,1,24150,384
1784218838.7272604,245.38863485654196,3.5365753173828125,4.6517333984375,59.13916015625,6058.0,6078.0,140.76025390625,4878.0,5696.0,1,24200,384
1784218867.9583063,245.87581895987194,3.5365753173828125,4.666717529296875,59.57666015625,6058.0,6078.0,140.01025390625,4878.0,5696.0,1,24250,384
1784218896.9405565,246.35885646343232,3.5365753173828125,4.670936584472656,59.57666015625,6058.0,6078.0,140.01025390625,4878.0,5696.0,1,24300,384
1784218925.916177,246.8417834798495,3.5365753173828125,4.655315399169922,59.57666015625,6058.0,6078.0,140.01025390625,4878.0,5696.0,1,24350,384
1784218954.7305248,247.32202259699503,3.5365753173828125,4.681846618652344,59.57666015625,6058.0,6078.0,140.01025390625,4878.0,5696.0,1,24400,384
1784218983.7126641,247.80505826473237,3.5365753173828125,4.642173767089844,59.57666015625,6058.0,6078.0,140.01025390625,4878.0,5696.0,1,24450,384
1784219012.7048318,248.28826104799907,3.5365753173828125,4.653194427490234,59.57666015625,6058.0,6078.0,140.01025390625,4878.0,5696.0,1,24500,384
1784219041.6687176,248.77099248170853,3.5365753173828125,4.6538543701171875,59.57666015625,6058.0,6078.0,140.01025390625,4878.0,5696.0,1,24550,384
1784219070.463983,249.2509135723114,3.5365753173828125,4.675739288330078,59.57666015625,6058.0,6078.0,140.01025390625,4878.0,5696.0,1,24600,384
1784219099.453906,249.73407896359763,3.5365753173828125,4.660411834716797,59.57666015625,6058.0,6078.0,140.01025390625,4878.0,5696.0,1,24650,384
1784219128.4858797,250.21794518232346,3.5365753173828125,4.671451568603516,59.57666015625,6058.0,6078.0,140.01025390625,4878.0,5696.0,1,24700,384
1784219157.0973275,250.69480264584223,3.5365753173828125,4.660732269287109,59.13916015625,6058.0,6078.0,140.76025390625,4878.0,5696.0,1,24750,384
1784219186.3301678,251.1820166548093,3.5365753173828125,4.667999267578125,59.57666015625,6058.0,6078.0,140.01025390625,4878.0,5696.0,1,24800,384
1784219215.378613,251.6661574045817,3.5365753173828125,4.673442840576172,59.57666015625,6058.0,6078.0,140.01025390625,4878.0,5696.0,1,24850,384
1784219244.3909369,252.14969613552094,3.5365753173828125,4.664264678955078,59.57666015625,6058.0,6078.0,140.01025390625,4878.0,5696.0,1,24900,384
1784219273.2145233,252.63008923927944,3.5365753173828125,4.687477111816406,59.57666015625,6058.0,6078.0,140.01025390625,4878.0,5696.0,1,24950,384
1784219302.2513423,253.1140362262726,3.5365753173828125,4.678001403808594,59.57666015625,6058.0,6078.0,140.01025390625,4878.0,5696.0,1,25000,384
1784219331.3169794,253.59846351146697,3.5365753173828125,4.669197082519531,59.57666015625,6058.0,6078.0,140.01025390625,4878.0,5696.0,1,25050,384
1784219360.3688364,254.08266113201776,3.5365753173828125,4.6595916748046875,59.57666015625,6058.0,6078.0,140.01025390625,4878.0,5696.0,1,25100,384
1784219389.281988,254.56454698642094,3.5365753173828125,4.683475494384766,59.57666015625,6058.0,6078.0,140.01025390625,4878.0,5696.0,1,25150,384
1784219418.3395035,255.04883891741434,3.5365753173828125,4.669105529785156,59.57666015625,6058.0,6078.0,140.01025390625,4878.0,5696.0,1,25200,384
1784219447.4139678,255.53341332276662,3.5365753173828125,4.6584014892578125,59.57666015625,6058.0,6078.0,140.01025390625,4878.0,5696.0,1,25250,384
1784219476.0701628,256.0110165675481,3.5365753173828125,4.663055419921875,59.13916015625,6058.0,6078.0,140.76025390625,4878.0,5696.0,1,25300,384
1784219505.4322379,256.500384481748,3.5365753173828125,4.681331634521484,59.57666015625,6058.0,6078.0,140.01025390625,4878.0,5696.0,1,25350,384
1784219534.493019,256.9847308397293,3.5365753173828125,4.666797637939453,59.57666015625,6058.0,6078.0,140.01025390625,4878.0,5696.0,1,25400,384
1784219563.5263662,257.468619954586,3.5365753173828125,4.665412902832031,59.57666015625,6058.0,6078.0,140.01025390625,4878.0,5696.0,1,25450,384
1784219592.3544335,257.9490877509117,3.5365753173828125,4.663654327392578,59.57666015625,6058.0,6078.0,140.01025390625,4878.0,5696.0,1,25500,384
1784219621.402317,258.4332191387812,3.5365753173828125,4.664020538330078,59.57666015625,6058.0,6078.0,140.01025390625,4878.0,5696.0,1,25550,384
1784219650.486912,258.91796239614484,3.5365753173828125,4.647869110107422,59.57666015625,6058.0,6078.0,140.01025390625,4878.0,5696.0,1,25600,384
1784219679.5419686,259.4022133310636,3.5365753173828125,4.637393951416016,59.57666015625,6058.0,6078.0,140.01025390625,4878.0,5696.0,1,25650,384
1784219708.3357077,259.88210897843044,3.5365753173828125,4.6973114013671875,59.57666015625,6058.0,6078.0,140.01025390625,4878.0,5696.0,1,25700,384
1784219737.3706484,260.36602466106416,3.5365753173828125,4.683216094970703,59.57666015625,6058.0,6078.0,140.01025390625,4878.0,5696.0,1,25750,384
1784219766.392283,260.8497185667356,3.5365753173828125,4.659507751464844,59.57666015625,6058.0,6078.0,140.01025390625,4878.0,5696.0,1,25800,384
1784219794.9645066,261.3259222984314,3.5365753173828125,4.6343841552734375,59.13916015625,6058.0,6078.0,140.76025390625,4878.0,5696.0,1,25850,384
1784219824.179981,261.8128468712171,3.5365753173828125,4.666980743408203,59.57666015625,6058.0,6078.0,140.01025390625,4878.0,5696.0,1,25900,384
1784219853.1609657,262.29586327870686,3.5365753173828125,4.651020050048828,59.57666015625,6058.0,6078.0,140.01025390625,4878.0,5696.0,1,25950,384
1784219882.1333842,262.7787369211515,3.5365753173828125,4.647617340087891,59.57666015625,6058.0,6078.0,140.01025390625,4878.0,5696.0,1,26000,384
1784219910.9306893,263.25869201024375,3.5365753173828125,4.699836730957031,59.57666015625,6058.0,6078.0,140.01025390625,4878.0,5696.0,1,26050,384
1784219939.8703287,263.7410193324089,3.5365753173828125,4.67083740234375,59.57666015625,6058.0,6078.0,140.01025390625,4878.0,5696.0,1,26100,384
1784219968.8763332,264.2244527498881,3.5365753173828125,4.664863586425781,59.57666015625,6058.0,6078.0,140.01025390625,4878.0,5696.0,1,26150,384
1784219997.8569124,264.70746239026386,3.5365753173828125,4.65185546875,59.57666015625,6058.0,6078.0,140.01025390625,4878.0,5696.0,1,26200,384
1784220026.6331444,265.18706626494725,3.5365753173828125,4.668209075927734,59.57666015625,6058.0,6078.0,140.01025390625,4878.0,5696.0,1,26250,384
1784220055.6004138,265.6698540846507,3.5365753173828125,4.646991729736328,59.57666015625,6058.0,6078.0,140.01025390625,4878.0,5696.0,1,26300,384
1784220084.59817,266.1531500260035,3.5365753173828125,4.635631561279297,59.57666015625,6058.0,6078.0,140.01025390625,4878.0,5696.0,1,26350,384
1784220113.193938,266.6297461549441,3.5365753173828125,4.652362823486328,59.13916015625,6058.0,6078.0,140.76025390625,4878.0,5696.0,1,26400,384
1784220142.461389,267.1175370057424,3.5365753173828125,4.691204071044922,59.57666015625,6058.0,6078.0,140.01025390625,4878.0,5696.0,1,26450,384
1784220171.4602752,267.6008517742157,3.5365753173828125,4.667694091796875,59.57666015625,6058.0,6078.0,140.01025390625,4878.0,5696.0,1,26500,384
1784220200.47923,268.08450102011363,3.5365753173828125,4.667449951171875,59.57666015625,6058.0,6078.0,140.01025390625,4878.0,5696.0,1,26550,384
1784220229.2799087,268.56451233228046,3.5365753173828125,4.682823181152344,59.57666015625,6058.0,6078.0,140.01025390625,4878.0,5696.0,1,26600,384
1784220258.2753603,269.04776986042657,3.5365753173828125,4.661708831787109,59.57666015625,6058.0,6078.0,140.01025390625,4878.0,5696.0,1,26650,384
1784220287.2495673,269.5306733051936,3.5365753173828125,4.661506652832031,59.57666015625,6058.0,6078.0,140.01025390625,4878.0,5696.0,1,26700,384
1784220316.292841,270.01472787459693,3.5365753173828125,4.655277252197266,59.57666015625,6058.0,6078.0,140.01025390625,4878.0,5696.0,1,26750,384
1784220345.0806873,270.4945253133774,3.5365753173828125,4.699008941650391,59.57666015625,6058.0,6078.0,140.01025390625,4878.0,5696.0,1,26800,384
1784220374.0803177,270.9778524796168,3.5365753173828125,4.667461395263672,59.57666015625,6058.0,6078.0,140.01025390625,4878.0,5696.0,1,26850,384
1784220403.082084,271.461215253671,3.5365753173828125,4.671833038330078,59.57666015625,6058.0,6078.0,140.01025390625,4878.0,5696.0,1,26900,384
1784220431.671707,271.9377089659373,3.5365753173828125,4.663478851318359,59.13916015625,6058.0,6078.0,140.76025390625,4878.0,5696.0,1,26950,384
1784220460.8903017,272.424685549736,3.5365753173828125,4.657325744628906,59.57666015625,6058.0,6078.0,140.01025390625,4878.0,5696.0,1,27000,384
1784220489.9077709,272.90831003586453,3.5365753173828125,4.622592926025391,59.57666015625,6058.0,6078.0,140.01025390625,4878.0,5696.0,1,27050,384
1784220518.9369,273.39212885697685,3.5365753173828125,4.631275177001953,59.57666015625,6058.0,6078.0,140.01025390625,4878.0,5696.0,1,27100,384
1784220547.7450244,273.8722642660141,3.5365753173828125,4.681064605712891,59.57666015625,6058.0,6078.0,140.01025390625,4878.0,5696.0,1,27150,384
1784220576.7450192,274.35559750398,3.5365753173828125,4.683158874511719,59.57666015625,6058.0,6078.0,140.01025390625,4878.0,5696.0,1,27200,384
1784220605.7051725,274.83826672236125,3.5365753173828125,4.653846740722656,59.57666015625,6058.0,6078.0,140.01025390625,4878.0,5696.0,1,27250,384
1784220634.7323341,275.3220527569453,3.5365753173828125,4.667304992675781,59.57666015625,6058.0,6078.0,140.01025390625,4878.0,5696.0,1,27300,384
1784220663.5493076,275.8023356437683,3.5365753173828125,4.665382385253906,59.57666015625,6058.0,6078.0,140.01025390625,4878.0,5696.0,1,27350,384
1784220692.6288517,276.286994711558,3.5365753173828125,4.669681549072266,59.57666015625,6058.0,6078.0,140.01025390625,4878.0,5696.0,1,27400,384
1784220721.6499624,276.77067989905674,3.5365753173828125,4.660449981689453,59.57666015625,6058.0,6078.0,140.01025390625,4878.0,5696.0,1,27450,384
1784220750.207153,277.24663307666776,3.5365753173828125,4.6580963134765625,59.13916015625,6058.0,6078.0,140.76025390625,4878.0,5696.0,1,27500,384
1784220779.4705184,277.7343558271726,3.5365753173828125,4.684764862060547,59.57666015625,6058.0,6078.0,140.01025390625,4878.0,5696.0,1,27550,384
1784220808.4969516,278.21812971830366,3.5365753173828125,4.651378631591797,59.57666015625,6058.0,6078.0,140.01025390625,4878.0,5696.0,1,27600,384
1784220837.5025582,278.7015564918518,3.5365753173828125,4.662559509277344,59.57666015625,6058.0,6078.0,140.01025390625,4878.0,5696.0,1,27650,384
1784220866.336444,279.18212125301363,3.5365753173828125,4.6567535400390625,59.57666015625,6058.0,6078.0,140.01025390625,4878.0,5696.0,1,27700,384
1784220895.3439913,279.66558037201565,3.5365753173828125,4.662670135498047,59.57666015625,6058.0,6078.0,140.01025390625,4878.0,5696.0,1,27750,384
1784220924.3177538,280.14847641388576,3.5365753173828125,4.654689788818359,59.57666015625,6058.0,6078.0,140.01025390625,4878.0,5696.0,1,27800,384
1784220953.3029833,280.63156357606255,3.5365753173828125,4.650295257568359,59.57666015625,6058.0,6078.0,140.01025390625,4878.0,5696.0,1,27850,384
1784220982.1766932,281.1127920746803,3.5365753173828125,4.687091827392578,59.57666015625,6058.0,6078.0,140.01025390625,4878.0,5696.0,1,27900,384
1784221011.2647498,281.59759302536645,3.5365753173828125,4.661090850830078,59.57666015625,6058.0,6078.0,140.01025390625,4878.0,5696.0,1,27950,384
1784221040.3412998,282.0822021921476,3.5365753173828125,4.6527862548828125,59.57666015625,6058.0,6078.0,140.01025390625,4878.0,5696.0,1,28000,384
1784221069.2825196,282.56455584367114,3.5365753173828125,4.650585174560547,59.13916015625,6058.0,6078.0,140.76025390625,4878.0,5696.0,1,28050,384
1784221098.5500867,283.05234863758085,3.567829132080078,4.730155944824219,59.57666015625,6058.0,6078.0,140.01025390625,4878.0,5696.0,1,28100,384
1784221127.589495,283.5363387743632,3.567829132080078,4.687591552734375,59.57666015625,6058.0,6078.0,140.01025390625,4878.0,5696.0,1,28150,384
1784221156.6744442,284.0210879246394,3.567829132080078,4.686649322509766,59.57666015625,6058.0,6078.0,140.01025390625,4878.0,5696.0,1,28200,384
1784221185.628239,284.50365116993584,3.5365753173828125,4.6623687744140625,59.57666015625,6058.0,6078.0,140.01025390625,4878.0,5696.0,1,28250,384
1784221214.7529001,284.9890621860822,3.5365753173828125,4.653472900390625,59.57666015625,6058.0,6078.0,140.01025390625,4878.0,5696.0,1,28300,384
1784221243.8844798,285.47458851734797,3.5365753173828125,4.671474456787109,59.57666015625,6058.0,6078.0,140.01025390625,4878.0,5696.0,1,28350,384
1784221272.9854798,285.9596051851908,3.5365753173828125,4.644878387451172,59.57666015625,6058.0,6078.0,140.01025390625,4878.0,5696.0,1,28400,384
1784221301.8903127,286.4413523952166,3.567829132080078,4.689212799072266,59.57666015625,6058.0,6078.0,140.01025390625,4878.0,5696.0,1,28450,384
1784221331.0535688,286.927406668663,3.567829132080078,4.693611145019531,59.57666015625,6058.0,6078.0,140.01025390625,4878.0,5696.0,1,28500,384
1784221360.2612345,287.41420109272,3.567829132080078,4.70452880859375,59.57666015625,6058.0,6078.0,140.01025390625,4878.0,5696.0,1,28550,384
1784221388.9730678,287.8927316506704,3.567829132080078,4.688251495361328,59.13916015625,6058.0,6078.0,140.76025390625,4878.0,5696.0,1,28600,384
1784221418.2548625,288.38076156775156,3.5365753173828125,4.661922454833984,59.57666015625,6058.0,6078.0,140.01025390625,4878.0,5696.0,1,28650,384
1784221447.3499322,288.8656793951988,3.5365753173828125,4.660594940185547,59.57666015625,6058.0,6078.0,140.01025390625,4878.0,5696.0,1,28700,384
1784221476.5353622,289.3521032253901,3.5365753173828125,4.659751892089844,59.57666015625,6058.0,6078.0,140.01025390625,4878.0,5696.0,1,28750,384
1784221505.4967382,289.8347928285599,3.567829132080078,4.731571197509766,59.57666015625,6058.0,6078.0,140.01025390625,4878.0,5696.0,1,28800,384
1784221534.6950192,290.3214308381081,3.567829132080078,4.71246337890625,59.57666015625,6058.0,6078.0,140.01025390625,4878.0,5696.0,1,28850,384
1784221563.8661191,290.80761584440864,3.567829132080078,4.701026916503906,59.57666015625,6058.0,6078.0,140.01025390625,4878.0,5696.0,1,28900,384
1784221592.9660287,291.2926143368085,3.567829132080078,4.692817687988281,59.57666015625,6058.0,6078.0,140.01025390625,4878.0,5696.0,1,28950,384
1784221621.8817594,291.77454317410786,3.5365753173828125,4.662300109863281,59.57666015625,6058.0,6078.0,140.01025390625,4878.0,5696.0,1,29000,384
1784221650.9380338,292.2588144222895,3.5365753173828125,4.652286529541016,59.57666015625,6058.0,6078.0,140.01025390625,4878.0,5696.0,1,29050,384
1784221680.0435953,292.7439071098963,3.5365753173828125,4.659259796142578,59.57666015625,6058.0,6078.0,140.01025390625,4878.0,5696.0,1,29100,384
1784221708.6681738,293.2209834138552,3.5365753173828125,4.65704345703125,59.13916015625,6058.0,6078.0,140.76025390625,4878.0,5696.0,1,29150,384
1784221737.9944732,293.7097550710042,3.567829132080078,4.714725494384766,59.57666015625,6058.0,6078.0,140.01025390625,4878.0,5696.0,1,29200,384
1784221767.0724561,294.19438811937965,3.567829132080078,4.7080230712890625,59.57666015625,6058.0,6078.0,140.01025390625,4878.0,5696.0,1,29250,384
1784221796.157432,294.6791377186775,3.567829132080078,4.686603546142578,59.57666015625,6058.0,6078.0,140.01025390625,4878.0,5696.0,1,29300,384
1784221825.0761237,295.16111591657005,3.5365753173828125,4.669586181640625,59.57666015625,6058.0,6078.0,140.01025390625,4878.0,5696.0,1,29350,384
1784221854.165106,295.64593229293826,3.5365753173828125,4.668972015380859,59.57666015625,6058.0,6078.0,140.01025390625,4878.0,5696.0,1,29400,384
1784221883.3422287,296.132217669487,3.5365753173828125,4.64801025390625,59.57666015625,6058.0,6078.0,140.01025390625,4878.0,5696.0,1,29450,384
1784221912.4870958,296.6179654479027,3.5365753173828125,4.654949188232422,59.57666015625,6058.0,6078.0,140.01025390625,4878.0,5696.0,1,29500,384
1784221941.4730163,297.1010641217232,3.567829132080078,4.705436706542969,59.57666015625,6058.0,6078.0,140.01025390625,4878.0,5696.0,1,29550,384
1784221970.643856,297.5872449318568,3.567829132080078,4.697826385498047,59.57666015625,6058.0,6078.0,140.01025390625,4878.0,5696.0,1,29600,384
1784221999.8149228,298.0734292387962,3.567829132080078,4.682334899902344,59.57666015625,6058.0,6078.0,140.01025390625,4878.0,5696.0,1,29650,384
1784222028.515114,298.55176575978595,3.567829132080078,4.701061248779297,59.13916015625,6058.0,6078.0,140.76025390625,4878.0,5696.0,1,29700,384
1784222057.848741,299.04065953890483,3.5365753173828125,4.643924713134766,59.57666015625,6058.0,6078.0,140.01025390625,4878.0,5696.0,1,29750,384
1784222086.976864,299.52612825632093,3.5365753173828125,4.662860870361328,59.57666015625,6058.0,6078.0,140.01025390625,4878.0,5696.0,1,29800,384
1784222116.1654532,300.0126047452291,3.5365753173828125,4.6568145751953125,59.57666015625,6058.0,6078.0,140.01025390625,4878.0,5696.0,1,29850,384
1784222145.1412632,300.4955349087715,3.567829132080078,4.706600189208984,59.57666015625,6058.0,6078.0,140.01025390625,4878.0,5696.0,1,29900,384
1784222174.3332675,300.98206830819447,3.567829132080078,4.6985015869140625,59.57666015625,6058.0,6078.0,140.01025390625,4878.0,5696.0,1,29950,384
1784222203.4755979,301.4677738189697,3.567829132080078,4.688835144042969,59.57666015625,6058.0,6078.0,140.01025390625,4878.0,5696.0,1,30000,384
1784222232.6387389,301.9538261731466,3.567829132080078,4.7003936767578125,59.57666015625,6058.0,6078.0,140.01025390625,4878.0,5696.0,1,30050,384
1784222261.5478837,302.43564525047935,3.5365753173828125,4.6647491455078125,59.57666015625,6058.0,6078.0,140.01025390625,4878.0,5696.0,1,30100,384
1784222290.7163942,302.9217870871226,3.5365753173828125,4.661651611328125,59.57666015625,6058.0,6078.0,140.01025390625,4878.0,5696.0,1,30150,384
1784222319.84496,303.40726318756737,3.5365753173828125,4.647087097167969,59.57666015625,6058.0,6078.0,140.01025390625,4878.0,5696.0,1,30200,384
1784222348.6131148,303.8867324312528,3.5365753173828125,4.664630889892578,59.13916015625,6058.0,6078.0,140.76025390625,4878.0,5696.0,1,30250,384
1784222378.051771,304.37737670342125,3.567829132080078,4.712310791015625,59.57666015625,6058.0,6078.0,140.01025390625,4878.0,5696.0,1,30300,384
1784222407.1952207,304.8631008625031,3.567829132080078,4.698741912841797,59.57666015625,6058.0,6078.0,140.01025390625,4878.0,5696.0,1,30350,384
1784222436.4291065,305.3503323038419,3.567829132080078,4.696075439453125,59.57666015625,6058.0,6078.0,140.01025390625,4878.0,5696.0,1,30400,384
1784222465.3398838,305.8321785847346,3.5365753173828125,4.664695739746094,59.57666015625,6058.0,6078.0,140.01025390625,4878.0,5696.0,1,30450,384
1784222494.5025046,306.3182222644488,3.5365753173828125,4.652679443359375,59.57666015625,6058.0,6078.0,140.01025390625,4878.0,5696.0,1,30500,384
1784222523.705827,306.8049443125725,3.5365753173828125,4.645931243896484,59.57666015625,6058.0,6078.0,140.01025390625,4878.0,5696.0,1,30550,384
1784222552.8749096,307.2910956780116,3.5365753173828125,4.644554138183594,59.57666015625,6058.0,6078.0,140.01025390625,4878.0,5696.0,1,30600,384
1784222581.6668499,307.7709613521894,3.567829132080078,4.703914642333984,59.57666015625,6058.0,6078.0,140.01025390625,4878.0,5696.0,1,30650,384
1784222610.6567473,308.25412631432215,3.567829132080078,4.6884765625,59.57666015625,6058.0,6078.0,140.01025390625,4878.0,5696.0,1,30700,384
1784222639.630404,308.7370205918948,3.567829132080078,4.666408538818359,59.57666015625,6058.0,6078.0,140.01025390625,4878.0,5696.0,1,30750,384
1784222668.2190967,309.2134987950325,3.567829132080078,4.684783935546875,59.13916015625,6058.0,6078.0,140.76025390625,4878.0,5696.0,1,30800,384
1784222697.4174352,309.70013777017596,3.5365753173828125,4.681861877441406,59.57666015625,6058.0,6078.0,140.01025390625,4878.0,5696.0,1,30850,384
1784222726.4373553,310.1838031093279,3.5365753173828125,4.659076690673828,59.57666015625,6058.0,6078.0,140.01025390625,4878.0,5696.0,1,30900,384
1784222755.4219153,310.6668791214625,3.5365753173828125,4.6598052978515625,59.57666015625,6058.0,6078.0,140.01025390625,4878.0,5696.0,1,30950,384
1784222784.2320435,311.1470479051272,3.567829132080078,4.7034759521484375,59.57666015625,6058.0,6078.0,140.01025390625,4878.0,5696.0,1,31000,384
1784222813.3413022,311.63220222791034,3.567829132080078,4.697563171386719,59.57666015625,6058.0,6078.0,140.01025390625,4878.0,5696.0,1,31050,384
1784222842.4792976,312.1178354779879,3.567829132080078,4.6929779052734375,59.57666015625,6058.0,6078.0,140.01025390625,4878.0,5696.0,1,31100,384
1784222871.6226652,312.6035582741102,3.567829132080078,4.682441711425781,59.57666015625,6058.0,6078.0,140.01025390625,4878.0,5696.0,1,31150,384
1784222900.6142757,313.0867517828941,3.5365753173828125,4.656745910644531,59.57666015625,6058.0,6078.0,140.01025390625,4878.0,5696.0,1,31200,384
1784222929.7635715,313.57257337967553,3.5365753173828125,4.648567199707031,59.57666015625,6058.0,6078.0,140.01025390625,4878.0,5696.0,1,31250,384
1784222958.9713724,314.05937006076175,3.5365753173828125,4.658538818359375,59.57666015625,6058.0,6078.0,140.01025390625,4878.0,5696.0,1,31300,384
1784222987.7448866,314.5389286239942,3.5365753173828125,4.668224334716797,59.13916015625,6058.0,6078.0,140.76025390625,4878.0,5696.0,1,31350,384
1784223017.1851346,315.0295994321505,3.567829132080078,4.7080230712890625,59.57666015625,6058.0,6078.0,140.01025390625,4878.0,5696.0,1,31400,384
1784223046.2684326,315.5143210689227,3.567829132080078,4.690380096435547,59.57666015625,6058.0,6078.0,140.01025390625,4878.0,5696.0,1,31450,384
1784223075.2611809,315.9975335319837,3.567829132080078,4.677986145019531,59.57666015625,6058.0,6078.0,140.01025390625,4878.0,5696.0,1,31500,384
1784223104.0225592,316.47688983281455,3.5365753173828125,4.685401916503906,59.57666015625,6058.0,6078.0,140.01025390625,4878.0,5696.0,1,31550,384
1784223133.0231657,316.96023327906926,3.5365753173828125,4.650226593017578,59.57666015625,6058.0,6078.0,140.01025390625,4878.0,5696.0,1,31600,384
1784223161.9950821,317.4430985569954,3.5365753173828125,4.663913726806641,59.57666015625,6058.0,6078.0,140.01025390625,4878.0,5696.0,1,31650,384
1784223190.9769754,317.92613011201223,3.5365753173828125,4.663032531738281,59.57666015625,6058.0,6078.0,140.01025390625,4878.0,5696.0,1,31700,384
1784223219.770046,318.4060146212578,3.567829132080078,4.68988037109375,59.57666015625,6058.0,6078.0,140.01025390625,4878.0,5696.0,1,31750,384
1784223248.7356274,318.88877431154253,3.567829132080078,4.690784454345703,59.57666015625,6058.0,6078.0,140.01025390625,4878.0,5696.0,1,31800,384
1784223277.7811887,319.372867000103,3.567829132080078,4.667507171630859,59.57666015625,6058.0,6078.0,140.01025390625,4878.0,5696.0,1,31850,384
1784223306.366333,319.8492860674858,3.567829132080078,4.691066741943359,59.13916015625,6058.0,6078.0,140.76025390625,4878.0,5696.0,1,31900,384
1784223335.653585,320.33740693330765,3.5365753173828125,4.6664276123046875,59.57666015625,6058.0,6078.0,140.01025390625,4878.0,5696.0,1,31950,384
1784223364.6090155,320.819997437795,3.5365753173828125,4.657428741455078,59.57666015625,6058.0,6078.0,140.01025390625,4878.0,5696.0,1,32000,384
1784223393.9228578,321.308561484019,3.5365753173828125,4.66900634765625,59.57666015625,6058.0,6078.0,140.01025390625,4878.0,5696.0,1,32050,384
1784223422.7073848,321.7883036017418,3.5365753173828125,4.677700042724609,59.57666015625,6058.0,6078.0,140.01025390625,4878.0,5696.0,1,32100,384
1784223451.6760132,322.2711140831312,3.5365753173828125,4.666717529296875,59.57666015625,6058.0,6078.0,140.01025390625,4878.0,5696.0,1,32150,384
1784223480.6815186,322.7545391639074,3.5365753173828125,4.659000396728516,59.57666015625,6058.0,6078.0,140.01025390625,4878.0,5696.0,1,32200,384
1784223509.6445942,323.2372570912043,3.5365753173828125,4.6442718505859375,59.57666015625,6058.0,6078.0,140.01025390625,4878.0,5696.0,1,32250,384
1784223538.4495213,323.7173392136892,3.5365753173828125,4.713584899902344,59.57666015625,6058.0,6078.0,140.01025390625,4878.0,5696.0,1,32300,384
1784223567.4346461,324.20042462348937,3.5365753173828125,4.688251495361328,59.57666015625,6058.0,6078.0,140.01025390625,4878.0,5696.0,1,32350,384
1784223596.4375355,324.6838061094284,3.5365753173828125,4.669376373291016,59.57666015625,6058.0,6078.0,140.01025390625,4878.0,5696.0,1,32400,384
1784223625.0464087,325.1606206615766,3.5365753173828125,4.659263610839844,59.13916015625,6058.0,6078.0,140.76025390625,4878.0,5696.0,1,32450,384
1784223654.2724323,325.64772105614344,3.5365753173828125,4.669776916503906,59.57666015625,6058.0,6078.0,140.01025390625,4878.0,5696.0,1,32500,384
1784223683.2998133,326.13151075045266,3.5365753173828125,4.659858703613281,59.57666015625,6058.0,6078.0,140.01025390625,4878.0,5696.0,1,32550,384
1784223712.3386505,326.6154913584391,3.5365753173828125,4.659770965576172,59.57666015625,6058.0,6078.0,140.01025390625,4878.0,5696.0,1,32600,384
1784223741.1412575,327.0955348134041,3.5365753173828125,4.704624176025391,59.57666015625,6058.0,6078.0,140.01025390625,4878.0,5696.0,1,32650,384
1784223770.102586,327.57822361787163,3.5365753173828125,4.676460266113281,59.57666015625,6058.0,6078.0,140.01025390625,4878.0,5696.0,1,32700,384
1784223799.0969465,328.0614629626274,3.5365753173828125,4.663585662841797,59.57666015625,6058.0,6078.0,140.01025390625,4878.0,5696.0,1,32750,384
1784223828.1080568,328.5449814637502,3.5365753173828125,4.673309326171875,59.57666015625,6058.0,6078.0,140.01025390625,4878.0,5696.0,1,32800,384
1784223856.8825543,329.0245564301809,3.5365753173828125,4.696636199951172,59.57666015625,6058.0,6078.0,140.01025390625,4878.0,5696.0,1,32850,384
1784223885.8783126,329.5078190644582,3.5365753173828125,4.667079925537109,59.57666015625,6058.0,6078.0,140.01025390625,4878.0,5696.0,1,32900,384
1784223914.941559,329.9922065059344,3.5365753173828125,4.664741516113281,59.57666015625,6058.0,6078.0,140.01025390625,4878.0,5696.0,1,32950,384
1784223943.5484407,330.46898786624274,3.5365753173828125,4.6704864501953125,59.13916015625,6058.0,6078.0,140.76025390625,4878.0,5696.0,1,33000,384
1784224031.4145246,331.933422601223,3.5365753173828125,4.678192138671875,59.57666015625,7086.0,7086.0,140.01025390625,4878.0,5696.0,2,33050,384
1784224060.4228969,332.4168954690297,3.5365753173828125,4.6656036376953125,59.57666015625,7086.0,7086.0,140.01025390625,4878.0,5696.0,2,33100,384
1784224089.4256403,332.90027453104653,3.5365753173828125,4.662376403808594,59.57666015625,7086.0,7086.0,140.01025390625,4878.0,5696.0,2,33150,384
1784224118.2128313,333.3800610423088,3.567829132080078,4.738563537597656,59.57666015625,7086.0,7086.0,140.01025390625,4878.0,5696.0,2,33200,384
1784224147.2137136,333.86340908209485,3.567829132080078,4.715141296386719,59.57666015625,7086.0,7086.0,140.01025390625,4878.0,5696.0,2,33250,384
1784224176.1904688,334.3463549971581,3.567829132080078,4.694133758544922,59.57666015625,7086.0,7086.0,140.01025390625,4878.0,5696.0,2,33300,384
1784224205.3145235,334.83175591230395,3.567829132080078,4.69549560546875,59.57666015625,7086.0,7086.0,140.01025390625,4878.0,5696.0,2,33350,384
1784224234.2522473,335.3140513102214,3.5365753173828125,4.677562713623047,59.57666015625,7086.0,7086.0,140.01025390625,4878.0,5696.0,2,33400,384
1784224263.3842278,335.799584321181,3.5365753173828125,4.646350860595703,59.57666015625,7086.0,7086.0,140.01025390625,4878.0,5696.0,2,33450,384
1784224292.4266646,336.2836249311765,3.5365753173828125,4.652614593505859,59.57666015625,7086.0,7086.0,140.01025390625,4878.0,5696.0,2,33500,384
1784224321.1584733,336.7624884088834,3.5365753173828125,4.653781890869141,59.13916015625,7086.0,7086.0,140.76025390625,4878.0,5696.0,2,33550,384
1784224350.54895,337.25232968330386,3.567829132080078,4.715240478515625,59.57666015625,7086.0,7086.0,140.01025390625,4878.0,5696.0,2,33600,384
1784224379.633375,337.73707010348636,3.567829132080078,4.692981719970703,59.57666015625,7086.0,7086.0,140.01025390625,4878.0,5696.0,2,33650,384
1784224408.7560568,338.2224481344223,3.567829132080078,4.692924499511719,59.57666015625,7086.0,7086.0,140.01025390625,4878.0,5696.0,2,33700,384
1784224437.7492692,338.7056683421135,3.5365753173828125,4.690605163574219,59.57666015625,7086.0,7086.0,140.01025390625,4878.0,5696.0,2,33750,384
1784224466.8366554,339.1904581109683,3.5365753173828125,4.647483825683594,59.57666015625,7086.0,7086.0,140.01025390625,4878.0,5696.0,2,33800,384
1784224495.925667,339.6752749681473,3.5365753173828125,4.653835296630859,59.57666015625,7086.0,7086.0,140.01025390625,4878.0,5696.0,2,33850,384
1784224524.996342,340.1597862283389,3.5365753173828125,4.654701232910156,59.57666015625,7086.0,7086.0,140.01025390625,4878.0,5696.0,2,33900,384
1784224553.8294353,340.6403377811114,3.567829132080078,4.712154388427734,59.57666015625,7086.0,7086.0,140.01025390625,4878.0,5696.0,2,33950,384
1784224582.8135033,341.12340557575226,3.567829132080078,4.704246520996094,59.57666015625,7086.0,7086.0,140.01025390625,4878.0,5696.0,2,34000,384
1784224611.8002582,341.60651816129683,3.567829132080078,4.685260772705078,59.57666015625,7086.0,7086.0,140.01025390625,4878.0,5696.0,2,34050,384
1784224640.3715408,342.0827061971029,3.567829132080078,4.683128356933594,59.13916015625,7086.0,7086.0,140.76025390625,4878.0,5696.0,2,34100,384
1784224669.589561,342.5696732083956,3.5365753173828125,4.677509307861328,59.57666015625,7086.0,7086.0,140.01025390625,4878.0,5696.0,2,34150,384
1784224698.6961937,343.05478375355403,3.5365753173828125,4.661937713623047,59.57666015625,7086.0,7086.0,140.01025390625,4878.0,5696.0,2,34200,384
1784224727.8110054,343.54003061056136,3.5365753173828125,4.660552978515625,59.57666015625,7086.0,7086.0,140.01025390625,4878.0,5696.0,2,34250,384
1784224756.7333047,344.0220689376195,3.567829132080078,4.721073150634766,59.57666015625,7086.0,7086.0,140.01025390625,4878.0,5696.0,2,34300,384
1784224785.9406016,344.5088572144508,3.567829132080078,4.698631286621094,59.57666015625,7086.0,7086.0,140.01025390625,4878.0,5696.0,2,34350,384
1784224815.0934594,344.99473817745843,3.567829132080078,4.6987152099609375,59.57666015625,7086.0,7086.0,140.01025390625,4878.0,5696.0,2,34400,384
1784224844.250891,345.4806953708331,3.567829132080078,4.692325592041016,59.57666015625,7086.0,7086.0,140.01025390625,4878.0,5696.0,2,34450,384
1784224873.2386,345.96382385492325,3.5365753173828125,4.668201446533203,59.57666015625,7086.0,7086.0,140.01025390625,4878.0,5696.0,2,34500,384
1784224902.3255231,346.44860590696334,3.5365753173828125,4.666164398193359,59.57666015625,7086.0,7086.0,140.01025390625,4878.0,5696.0,2,34550,384
1784224931.4230506,346.9335647026698,3.5365753173828125,4.66680908203125,59.57666015625,7086.0,7086.0,140.01025390625,4878.0,5696.0,2,34600,384
1784224960.056177,347.41078346967697,3.5365753173828125,4.651599884033203,59.13916015625,7086.0,7086.0,140.76025390625,4878.0,5696.0,2,34650,384
1784224989.3577018,347.8991422255834,3.567829132080078,4.712024688720703,59.57666015625,7086.0,7086.0,140.01025390625,4878.0,5696.0,2,34700,384
1784225018.3668425,348.3826279004415,3.567829132080078,4.711830139160156,59.57666015625,7086.0,7086.0,140.01025390625,4878.0,5696.0,2,34750,384
1784225047.3463345,348.8656194249789,3.567829132080078,4.702793121337891,59.57666015625,7086.0,7086.0,140.01025390625,4878.0,5696.0,2,34800,384
1784225076.1212692,349.34520167509714,3.5365753173828125,4.6832122802734375,59.57666015625,7086.0,7086.0,140.01025390625,4878.0,5696.0,2,34850,384
1784225105.117183,349.82846690416335,3.5365753173828125,4.667804718017578,59.57666015625,7086.0,7086.0,140.01025390625,4878.0,5696.0,2,34900,384
1784225134.0868971,350.3112954815229,3.5365753173828125,4.657554626464844,59.57666015625,7086.0,7086.0,140.01025390625,4878.0,5696.0,2,34950,384
1784225163.1049325,350.79492939710616,3.5365753173828125,4.665912628173828,59.57666015625,7086.0,7086.0,140.01025390625,4878.0,5696.0,2,35000,384
1784225191.9231315,351.27523270845415,3.567829132080078,4.720264434814453,59.57666015625,7086.0,7086.0,140.01025390625,4878.0,5696.0,2,35050,384
1784225220.9298248,351.7586776057879,3.567829132080078,4.708026885986328,59.57666015625,7086.0,7086.0,140.01025390625,4878.0,5696.0,2,35100,384
1784225249.940279,352.2421851714452,3.567829132080078,4.701416015625,59.57666015625,7086.0,7086.0,140.01025390625,4878.0,5696.0,2,35150,384
1784225278.569338,352.7193361520767,3.567829132080078,4.6879119873046875,59.13916015625,7086.0,7086.0,140.76025390625,4878.0,5696.0,2,35200,384
1784225307.792666,353.206391620636,3.5365753173828125,4.658679962158203,59.57666015625,7086.0,7086.0,140.01025390625,4878.0,5696.0,2,35250,384
1784225336.7989938,353.6898304224014,3.5365753173828125,4.668296813964844,59.57666015625,7086.0,7086.0,140.01025390625,4878.0,5696.0,2,35300,384
1784225365.8772595,354.1744684576988,3.5365753173828125,4.6475982666015625,59.57666015625,7086.0,7086.0,140.01025390625,4878.0,5696.0,2,35350,384
1784225394.746426,354.6556209564209,3.567829132080078,4.7250518798828125,59.57666015625,7086.0,7086.0,140.01025390625,4878.0,5696.0,2,35400,384
1784225423.8539727,355.1407467285792,3.567829132080078,4.7017059326171875,59.57666015625,7086.0,7086.0,140.01025390625,4878.0,5696.0,2,35450,384
1784225453.0080693,355.62664834658307,3.567829132080078,4.7021636962890625,59.57666015625,7086.0,7086.0,140.01025390625,4878.0,5696.0,2,35500,384
1784225482.164165,356.11258327563604,3.567829132080078,4.689952850341797,59.57666015625,7086.0,7086.0,140.01025390625,4878.0,5696.0,2,35550,384
1784225511.0109098,356.5933623552322,3.5365753173828125,4.678203582763672,59.57666015625,7086.0,7086.0,140.01025390625,4878.0,5696.0,2,35600,384
1784225540.116759,357.07845983902615,3.5365753173828125,4.661994934082031,59.57666015625,7086.0,7086.0,140.01025390625,4878.0,5696.0,2,35650,384
1784225569.1835651,357.5629066069921,3.5365753173828125,4.678134918212891,59.57666015625,7086.0,7086.0,140.01025390625,4878.0,5696.0,2,35700,384
1784225597.964305,358.04258559942247,3.5365753173828125,4.6675872802734375,59.13916015625,7086.0,7086.0,140.76025390625,4878.0,5696.0,2,35750,384
1784225627.292221,358.53138420979184,3.567829132080078,4.7126007080078125,59.57666015625,7086.0,7086.0,140.01025390625,4878.0,5696.0,2,35800,384
1784225656.4180987,359.016815495491,3.567829132080078,4.693462371826172,59.57666015625,7086.0,7086.0,140.01025390625,4878.0,5696.0,2,35850,384
1784225685.569427,359.50267096757887,3.567829132080078,4.682941436767578,59.57666015625,7086.0,7086.0,140.01025390625,4878.0,5696.0,2,35900,384
1784225714.431587,359.98370697895683,3.5365753173828125,4.680057525634766,59.57666015625,7086.0,7086.0,140.01025390625,4878.0,5696.0,2,35950,384
1784225743.517149,360.4684663375219,3.5365753173828125,4.676811218261719,59.57666015625,7086.0,7086.0,140.01025390625,4878.0,5696.0,2,36000,384
1784225772.9496834,360.9590085744858,3.5365753173828125,4.661808013916016,59.57666015625,7086.0,7086.0,140.01025390625,4878.0,5696.0,2,36050,384
1784225802.0372255,361.4438009460767,3.5365753173828125,4.667057037353516,59.57666015625,7086.0,7086.0,140.01025390625,4878.0,5696.0,2,36100,384
1784225830.9096532,361.92500807444253,3.5365753173828125,4.678165435791016,59.57666015625,7086.0,7086.0,140.01025390625,4878.0,5696.0,2,36150,384
1784225860.0381038,362.4104822516441,3.5365753173828125,4.662330627441406,59.57666015625,7086.0,7086.0,140.01025390625,4878.0,5696.0,2,36200,384
1784225889.0446653,362.8939249396324,3.5365753173828125,4.6617889404296875,59.57666015625,7086.0,7086.0,140.01025390625,4878.0,5696.0,2,36250,384
1784225917.6731412,363.3710662086805,3.5365753173828125,4.657012939453125,59.13916015625,7086.0,7086.0,140.76025390625,4878.0,5696.0,2,36300,384
1784225946.9314566,363.8587047934532,3.5365753173828125,4.6652374267578125,59.57666015625,7086.0,7086.0,140.01025390625,4878.0,5696.0,2,36350,384
1784225975.9916832,364.3430419127146,3.5365753173828125,4.658760070800781,59.57666015625,7086.0,7086.0,140.01025390625,4878.0,5696.0,2,36400,384
1784226005.1060743,364.82828176021576,3.5365753173828125,4.66143798828125,59.57666015625,7086.0,7086.0,140.01025390625,4878.0,5696.0,2,36450,384
1784226033.9183047,365.30848560333254,3.5365753173828125,4.677104949951172,59.57666015625,7086.0,7086.0,140.01025390625,4878.0,5696.0,2,36500,384
1784226062.859228,365.7908343195915,3.5365753173828125,4.666507720947266,59.57666015625,7086.0,7086.0,140.01025390625,4878.0,5696.0,2,36550,384
1784226091.8152895,366.27343535025915,3.5365753173828125,4.655403137207031,59.57666015625,7086.0,7086.0,140.01025390625,4878.0,5696.0,2,36600,384
1784226120.7741683,366.7560833295186,3.5365753173828125,4.65802001953125,59.57666015625,7086.0,7086.0,140.01025390625,4878.0,5696.0,2,36650,384
1784226149.507128,367.2349659840266,3.5365753173828125,4.669315338134766,59.57666015625,7086.0,7086.0,140.01025390625,4878.0,5696.0,2,36700,384
1784226178.4594457,367.7175046165784,3.5365753173828125,4.673389434814453,59.57666015625,7086.0,7086.0,140.01025390625,4878.0,5696.0,2,36750,384
1784226207.4333735,368.2004034121831,3.5365753173828125,4.650325775146484,59.57666015625,7086.0,7086.0,140.01025390625,4878.0,5696.0,2,36800,384
1784226236.0376227,368.6771409034729,3.5365753173828125,4.647544860839844,59.13916015625,7086.0,7086.0,140.76025390625,4878.0,5696.0,2,36850,384
1784226265.2821562,369.1645497997602,3.5365753173828125,4.682163238525391,59.57666015625,7086.0,7086.0,140.01025390625,4878.0,5696.0,2,36900,384
1784226294.3347046,369.6487589319547,3.5365753173828125,4.6698760986328125,59.57666015625,7086.0,7086.0,140.01025390625,4878.0,5696.0,2,36950,384
1784226323.288707,370.13132563829424,3.5365753173828125,4.6640625,59.57666015625,7086.0,7086.0,140.01025390625,4878.0,5696.0,2,37000,384
1784226352.0885231,370.6113225777944,3.5365753173828125,4.678169250488281,59.57666015625,7086.0,7086.0,140.01025390625,4878.0,5696.0,2,37050,384
1784226381.1230202,371.0952308654785,3.5365753173828125,4.670684814453125,59.57666015625,7086.0,7086.0,140.01025390625,4878.0,5696.0,2,37100,384
1784226410.186233,371.5796177426974,3.5365753173828125,4.645694732666016,59.57666015625,7086.0,7086.0,140.01025390625,4878.0,5696.0,2,37150,384
1784226439.2184632,372.06348824103674,3.5365753173828125,4.656455993652344,59.57666015625,7086.0,7086.0,140.01025390625,4878.0,5696.0,2,37200,384
1784226468.0402052,372.54385061264037,3.5365753173828125,4.67327880859375,59.57666015625,7086.0,7086.0,140.01025390625,4878.0,5696.0,2,37250,384
1784226497.1212018,373.02853387991587,3.5365753173828125,4.657840728759766,59.57666015625,7086.0,7086.0,140.01025390625,4878.0,5696.0,2,37300,384
1784226526.150629,373.5123576680819,3.5365753173828125,4.646141052246094,59.57666015625,7086.0,7086.0,140.01025390625,4878.0,5696.0,2,37350,384
1784226554.823176,373.99023345311485,3.5365753173828125,4.645576477050781,59.13916015625,7086.0,7086.0,140.76025390625,4878.0,5696.0,2,37400,384
1784226584.0518248,374.4773776054382,3.5365753173828125,4.669849395751953,59.57666015625,7086.0,7086.0,140.01025390625,4878.0,5696.0,2,37450,384
1784226613.1323793,374.96205351352694,3.5365753173828125,4.656757354736328,59.57666015625,7086.0,7086.0,140.01025390625,4878.0,5696.0,2,37500,384
1784226642.1740751,375.44608177344,3.5365753173828125,4.640174865722656,59.57666015625,7086.0,7086.0,140.01025390625,4878.0,5696.0,2,37550,384
1784226671.0197592,375.92684317827224,3.5365753173828125,4.686077117919922,59.57666015625,7086.0,7086.0,140.01025390625,4878.0,5696.0,2,37600,384
1784226700.052008,376.4107139825821,3.5365753173828125,4.652374267578125,59.57666015625,7086.0,7086.0,140.01025390625,4878.0,5696.0,2,37650,384
1784226729.1076782,376.8949751536051,3.5365753173828125,4.666252136230469,59.57666015625,7086.0,7086.0,140.01025390625,4878.0,5696.0,2,37700,384
1784226758.0534549,377.377404765288,3.5365753173828125,4.668979644775391,59.57666015625,7086.0,7086.0,140.01025390625,4878.0,5696.0,2,37750,384
1784226786.842606,377.85722395976387,3.5365753173828125,4.6762542724609375,59.57666015625,7086.0,7086.0,140.01025390625,4878.0,5696.0,2,37800,384
1784226815.8086545,378.33999143044156,3.5365753173828125,4.660579681396484,59.57666015625,7086.0,7086.0,140.01025390625,4878.0,5696.0,2,37850,384
1784226844.7822368,378.82288446823753,3.5365753173828125,4.6680450439453125,59.57666015625,7086.0,7086.0,140.01025390625,4878.0,5696.0,2,37900,384
1784226873.344518,379.29892248709996,3.5365753173828125,4.652046203613281,59.13916015625,7086.0,7086.0,140.76025390625,4878.0,5696.0,2,37950,384
1784226902.536492,379.78545538584393,3.5365753173828125,4.669979095458984,59.57666015625,7086.0,7086.0,140.01025390625,4878.0,5696.0,2,38000,384
1784226931.5130763,380.2683984597524,3.5365753173828125,4.659198760986328,59.57666015625,7086.0,7086.0,140.01025390625,4878.0,5696.0,2,38050,384
1784226960.4864852,380.7512886047363,3.5365753173828125,4.660881042480469,59.57666015625,7086.0,7086.0,140.01025390625,4878.0,5696.0,2,38100,384
1784226989.2424293,381.2305543422699,3.5365753173828125,4.676708221435547,59.57666015625,7086.0,7086.0,140.01025390625,4878.0,5696.0,2,38150,384
1784227018.2011065,381.71319896380106,3.5365753173828125,4.666614532470703,59.57666015625,7086.0,7086.0,140.01025390625,4878.0,5696.0,2,38200,384
1784227047.1739635,382.1960799098015,3.5365753173828125,4.668434143066406,59.57666015625,7086.0,7086.0,140.01025390625,4878.0,5696.0,2,38250,384
1784227076.201762,382.6798765540123,3.5365753173828125,4.665111541748047,59.57666015625,7086.0,7086.0,140.01025390625,4878.0,5696.0,2,38300,384
1784227104.9765315,383.15945604642235,3.5365753173828125,4.666004180908203,59.57666015625,7086.0,7086.0,140.01025390625,4878.0,5696.0,2,38350,384
1784227133.9522123,383.64238405625025,3.5365753173828125,4.665050506591797,59.57666015625,7086.0,7086.0,140.01025390625,4878.0,5696.0,2,38400,384
1784227162.9608083,384.1258606632551,3.5365753173828125,4.658214569091797,59.57666015625,7086.0,7086.0,140.01025390625,4878.0,5696.0,2,38450,384
1784227191.5164473,384.6017879764239,3.5365753173828125,4.662082672119141,59.13916015625,7086.0,7086.0,140.76025390625,4878.0,5696.0,2,38500,384
1784227220.6851408,385.0879328687986,3.5365753173828125,4.675502777099609,59.57666015625,7086.0,7086.0,140.01025390625,4878.0,5696.0,2,38550,384
1784227249.6531763,385.5707334597906,3.5365753173828125,4.662288665771484,59.57666015625,7086.0,7086.0,140.01025390625,4878.0,5696.0,2,38600,384
1784227278.6310172,386.05369747479756,3.5365753173828125,4.668861389160156,59.57666015625,7086.0,7086.0,140.01025390625,4878.0,5696.0,2,38650,384
1784227307.440709,386.5338590025902,3.5365753173828125,4.693378448486328,59.57666015625,7086.0,7086.0,140.01025390625,4878.0,5696.0,2,38700,384
1784227336.4128726,387.01672839721044,3.5365753173828125,4.6777191162109375,59.57666015625,7086.0,7086.0,140.01025390625,4878.0,5696.0,2,38750,384
1784227365.4122207,387.50005086660383,3.5365753173828125,4.661754608154297,59.57666015625,7086.0,7086.0,140.01025390625,4878.0,5696.0,2,38800,384
1784227394.3856964,387.98294213612877,3.5365753173828125,4.675941467285156,59.57666015625,7086.0,7086.0,140.01025390625,4878.0,5696.0,2,38850,384
1784227423.1237469,388.4619096318881,3.5365753173828125,4.678241729736328,59.57666015625,7086.0,7086.0,140.01025390625,4878.0,5696.0,2,38900,384
1784227452.1013255,388.94486927986145,3.5365753173828125,4.659748077392578,59.57666015625,7086.0,7086.0,140.01025390625,4878.0,5696.0,2,38950,384
1784227481.0629823,389.42756356398263,3.5365753173828125,4.667209625244141,59.57666015625,7086.0,7086.0,140.01025390625,4878.0,5696.0,2,39000,384
1784227509.6098917,389.90334537824,3.5365753173828125,4.655254364013672,59.13916015625,7086.0,7086.0,140.76025390625,4878.0,5696.0,2,39050,384
1784227538.7858412,390.38961120843885,3.5365753173828125,4.651802062988281,59.57666015625,7086.0,7086.0,140.01025390625,4878.0,5696.0,2,39100,384
1784227567.728993,390.8719970742861,3.5365753173828125,4.658107757568359,59.57666015625,7086.0,7086.0,140.01025390625,4878.0,5696.0,2,39150,384
1784227596.7031796,391.3549001852671,3.5365753173828125,4.654209136962891,59.57666015625,7086.0,7086.0,140.01025390625,4878.0,5696.0,2,39200,384
1784227625.4553835,391.83410358428955,3.5365753173828125,4.6612701416015625,59.57666015625,7086.0,7086.0,140.01025390625,4878.0,5696.0,2,39250,384
1784227654.43296,392.31706318457924,3.5365753173828125,4.677886962890625,59.57666015625,7086.0,7086.0,140.01025390625,4878.0,5696.0,2,39300,384
1784227683.3966384,392.7997911651929,3.5365753173828125,4.674861907958984,59.57666015625,7086.0,7086.0,140.01025390625,4878.0,5696.0,2,39350,384
1784227712.3475654,393.2823066075643,3.5365753173828125,4.660121917724609,59.57666015625,7086.0,7086.0,140.01025390625,4878.0,5696.0,2,39400,384
1784227741.1534274,393.7624043146769,3.5365753173828125,4.673648834228516,59.57666015625,7086.0,7086.0,140.01025390625,4878.0,5696.0,2,39450,384
1784227770.0961063,394.24478229284284,3.5365753173828125,4.6458740234375,59.57666015625,7086.0,7086.0,140.01025390625,4878.0,5696.0,2,39500,384
1784227799.0896142,394.72800742785137,3.5365753173828125,4.645771026611328,59.57666015625,7086.0,7086.0,140.01025390625,4878.0,5696.0,2,39550,384
1784227827.6530282,395.2040643294652,3.5365753173828125,4.651214599609375,59.13916015625,7086.0,7086.0,140.76025390625,4878.0,5696.0,2,39600,384
1784227856.8346791,395.6904251774152,3.5365753173828125,4.6590576171875,59.57666015625,7086.0,7086.0,140.01025390625,4878.0,5696.0,2,39650,384
1784227885.8005874,396.17319031556445,3.5365753173828125,4.65240478515625,59.57666015625,7086.0,7086.0,140.01025390625,4878.0,5696.0,2,39700,384
1784227914.7610352,396.6558644413948,3.5365753173828125,4.656181335449219,59.57666015625,7086.0,7086.0,140.01025390625,4878.0,5696.0,2,39750,384
1784227943.523961,397.1352465391159,3.5365753173828125,4.664943695068359,59.57666015625,7086.0,7086.0,140.01025390625,4878.0,5696.0,2,39800,384
1784227972.4799428,397.61784623861314,3.5365753173828125,4.677284240722656,59.57666015625,7086.0,7086.0,140.01025390625,4878.0,5696.0,2,39850,384
1784228001.4527497,398.1007263541222,3.5365753173828125,4.668128967285156,59.57666015625,7086.0,7086.0,140.01025390625,4878.0,5696.0,2,39900,384
1784228030.416259,398.58345150152843,3.5365753173828125,4.6661834716796875,59.57666015625,7086.0,7086.0,140.01025390625,4878.0,5696.0,2,39950,384
1784228059.1908958,399.0630287885666,3.5365753173828125,4.677764892578125,59.57666015625,7086.0,7086.0,140.01025390625,4878.0,5696.0,2,40000,384
1784228088.4607425,399.5508595585823,3.5365753173828125,4.650299072265625,59.57666015625,7086.0,7086.0,140.01025390625,4878.0,5696.0,2,40050,384
1784228117.4163198,400.033452518781,3.505321502685547,4.624305725097656,59.57666015625,7086.0,7086.0,140.01025390625,4878.0,5696.0,2,40100,384
1784228145.98364,400.50957452058793,3.561664581298828,4.686100006103516,59.13916015625,7086.0,7086.0,140.76025390625,4878.0,5696.0,2,40150,384
1784228175.1651418,400.99593288501103,3.561664581298828,4.692577362060547,59.57666015625,7086.0,7086.0,140.01025390625,4878.0,5696.0,2,40200,384
1784228204.149696,401.4790087938309,3.561664581298828,4.6837158203125,59.57666015625,7086.0,7086.0,140.01025390625,4878.0,5696.0,2,40250,384
1784228233.1105645,401.96168992916745,3.561664581298828,4.682243347167969,59.57666015625,7086.0,7086.0,140.01025390625,4878.0,5696.0,2,40300,384
1784228261.8892174,402.4413341442744,3.5617446899414062,4.688179016113281,59.57666015625,7086.0,7086.0,140.01025390625,4878.0,5696.0,2,40350,384
1784228290.8700871,402.9243486404419,3.5617446899414062,4.6693267822265625,59.57666015625,7086.0,7086.0,140.01025390625,4878.0,5696.0,2,40400,384
1784228319.8234253,403.40690427621206,3.5617446899414062,4.669151306152344,59.57666015625,7086.0,7086.0,140.01025390625,4878.0,5696.0,2,40450,384
1784228348.7926736,403.88972508509954,3.5304908752441406,4.661991119384766,59.57666015625,7086.0,7086.0,140.01025390625,4878.0,5696.0,2,40500,384
1784228377.5518317,404.3690443873405,3.5617446899414062,4.684272766113281,59.57666015625,7086.0,7086.0,140.01025390625,4878.0,5696.0,2,40550,384
1784228406.564015,404.8525807698568,3.5617446899414062,4.678310394287109,59.57666015625,7086.0,7086.0,140.01025390625,4878.0,5696.0,2,40600,384
1784228435.5044725,405.3349217335383,3.5617446899414062,4.670391082763672,59.57666015625,7086.0,7086.0,140.01025390625,4878.0,5696.0,2,40650,384
1784228464.1403282,405.81218599478404,3.5617446899414062,4.669986724853516,59.13916015625,7086.0,7086.0,140.76025390625,4878.0,5696.0,2,40700,384
1784228493.3209863,406.29853030045825,3.5617446899414062,4.689876556396484,59.57666015625,7086.0,7086.0,140.01025390625,4878.0,5696.0,2,40750,384
1784228522.2782984,406.78115216096245,3.5617446899414062,4.675895690917969,59.57666015625,7086.0,7086.0,140.01025390625,4878.0,5696.0,2,40800,384
1784228551.2306728,407.263691731294,3.5617446899414062,4.674709320068359,59.57666015625,7086.0,7086.0,140.01025390625,4878.0,5696.0,2,40850,384
1784228580.0141566,407.74341646035515,3.5617446899414062,4.696369171142578,59.57666015625,7086.0,7086.0,140.01025390625,4878.0,5696.0,2,40900,384
1784228608.9896286,408.22634100119274,3.5304908752441406,4.634235382080078,59.57666015625,7086.0,7086.0,140.01025390625,4878.0,5696.0,2,40950,384
1784228637.954915,408.7090957681338,3.5617446899414062,4.693840026855469,59.57666015625,7086.0,7086.0,140.01025390625,4878.0,5696.0,2,41000,384
1784228666.9396067,409.19217397371926,3.5617446899414062,4.677410125732422,59.57666015625,7086.0,7086.0,140.01025390625,4878.0,5696.0,2,41050,384
1784228695.72406,409.67191486358644,3.5617446899414062,4.692634582519531,59.57666015625,7086.0,7086.0,140.01025390625,4878.0,5696.0,2,41100,384
1784228724.6800494,410.1545146783193,3.5617446899414062,4.686725616455078,59.57666015625,7086.0,7086.0,140.01025390625,4878.0,5696.0,2,41150,384
1784228753.6636455,410.63757461309433,3.5304908752441406,4.658607482910156,59.57666015625,7086.0,7086.0,140.01025390625,4878.0,5696.0,2,41200,384
1784228782.2341738,411.11375008424125,3.5617446899414062,4.678958892822266,59.13916015625,7086.0,7086.0,140.76025390625,4878.0,5696.0,2,41250,384
1784228811.4275076,411.60030565261843,3.5617446899414062,4.677818298339844,59.57666015625,7086.0,7086.0,140.01025390625,4878.0,5696.0,2,41300,384
1784228840.3868845,412.08296192884444,3.5617446899414062,4.675868988037109,59.57666015625,7086.0,7086.0,140.01025390625,4878.0,5696.0,2,41350,384
1784228869.3819208,412.5662125349045,3.5617446899414062,4.675632476806641,59.57666015625,7086.0,7086.0,140.01025390625,4878.0,5696.0,2,41400,384
1784228898.143705,413.04557560284934,3.5617446899414062,4.698616027832031,59.57666015625,7086.0,7086.0,140.01025390625,4878.0,5696.0,2,41450,384
1784228927.1030977,413.52823214530946,3.5617446899414062,4.69342041015625,59.57666015625,7086.0,7086.0,140.01025390625,4878.0,5696.0,2,41500,384
1784228956.0676095,414.0109740098317,3.5304908752441406,4.655590057373047,59.57666015625,7086.0,7086.0,140.01025390625,4878.0,5696.0,2,41550,384
1784228985.02849,414.4936553557714,3.5617446899414062,4.684673309326172,59.57666015625,7086.0,7086.0,140.01025390625,4878.0,5696.0,2,41600,384
1784229013.7897434,414.97300957838695,3.5617446899414062,4.682365417480469,59.57666015625,7086.0,7086.0,140.01025390625,4878.0,5696.0,2,41650,384
1784229042.7426713,415.4555583755175,3.5617446899414062,4.679698944091797,59.57666015625,7086.0,7086.0,140.01025390625,4878.0,5696.0,2,41700,384
1784229071.745733,415.9389427423477,3.5617446899414062,4.671913146972656,59.57666015625,7086.0,7086.0,140.01025390625,4878.0,5696.0,2,41750,384
1784229100.2882335,416.4146510799726,3.5617446899414062,4.666568756103516,59.13916015625,7086.0,7086.0,140.76025390625,4878.0,5696.0,2,41800,384
1784229129.4919887,416.90138033628466,3.5617446899414062,4.674854278564453,59.57666015625,7086.0,7086.0,140.01025390625,4878.0,5696.0,2,41850,384
1784229158.4487143,417.3839924256007,3.5304908752441406,4.673393249511719,59.57666015625,7086.0,7086.0,140.01025390625,4878.0,5696.0,2,41900,384
1784229187.423296,417.86690211693445,3.561767578125,4.690753936767578,59.57666015625,7086.0,7086.0,140.01025390625,4878.0,5696.0,2,41950,384
1784229216.202191,418.3465503732363,3.561767578125,4.6952056884765625,59.57666015625,7086.0,7086.0,140.01025390625,4878.0,5696.0,2,42000,384
1784229245.1228726,418.8285617351532,3.561767578125,4.7005157470703125,59.57666015625,7086.0,7086.0,140.01025390625,4878.0,5696.0,2,42050,384
1784229274.1126616,419.3117248773575,3.561767578125,4.682228088378906,59.57666015625,7086.0,7086.0,140.01025390625,4878.0,5696.0,2,42100,384
1784229303.051702,419.7940422217051,3.561767578125,4.677944183349609,59.57666015625,7086.0,7086.0,140.01025390625,4878.0,5696.0,2,42150,384
1784229331.8431542,420.27389975786207,3.561767578125,4.685718536376953,59.57666015625,7086.0,7086.0,140.01025390625,4878.0,5696.0,2,42200,384
1784229360.861178,420.75753348668417,3.561767578125,4.6883392333984375,59.57666015625,7086.0,7086.0,140.01025390625,4878.0,5696.0,2,42250,384
1784229389.9307475,421.24202630917233,3.561767578125,4.683349609375,59.57666015625,7086.0,7086.0,140.01025390625,4878.0,5696.0,2,42300,384
1784229418.5814347,421.7195377667745,3.561767578125,4.6887054443359375,59.13916015625,7086.0,7086.0,140.76025390625,4878.0,5696.0,2,42350,384
1784229447.9652412,422.20926787455875,3.561767578125,4.696990966796875,59.57666015625,7086.0,7086.0,140.01025390625,4878.0,5696.0,2,42400,384
1784229477.1121886,422.6950503309568,3.561767578125,4.689594268798828,59.57666015625,7086.0,7086.0,140.01025390625,4878.0,5696.0,2,42450,384
1784229506.3057978,423.1816104888916,3.561767578125,4.687267303466797,59.57666015625,7086.0,7086.0,140.01025390625,4878.0,5696.0,2,42500,384
1784229535.2803583,423.6645198305448,3.5305137634277344,4.6519012451171875,59.57666015625,7086.0,7086.0,140.01025390625,4878.0,5696.0,2,42550,384
1784229564.3950264,424.14976429541906,3.561767578125,4.687751770019531,59.57666015625,7086.0,7086.0,140.01025390625,4878.0,5696.0,2,42600,384
1784229593.4383304,424.6338193575541,3.561767578125,4.684848785400391,59.57666015625,7086.0,7086.0,140.01025390625,4878.0,5696.0,2,42650,384
1784229622.4113557,425.1167031129201,3.5305137634277344,4.66461181640625,59.57666015625,7086.0,7086.0,140.01025390625,4878.0,5696.0,2,42700,384
1784229651.1749048,425.59609560171765,3.561767578125,4.684925079345703,59.57666015625,7086.0,7086.0,140.01025390625,4878.0,5696.0,2,42750,384
1784229680.1664877,426.07928865353267,3.561767578125,4.679573059082031,59.57666015625,7086.0,7086.0,140.01025390625,4878.0,5696.0,2,42800,384
1784229709.108244,426.5616512497266,3.561767578125,4.688510894775391,59.57666015625,7086.0,7086.0,140.01025390625,4878.0,5696.0,2,42850,384
1784229737.6637325,427.0375760595004,3.561767578125,4.7023468017578125,59.13916015625,7086.0,7086.0,140.76025390625,4878.0,5696.0,2,42900,384
1784229766.8836462,427.5245746254921,3.561767578125,4.697803497314453,59.57666015625,7086.0,7086.0,140.01025390625,4878.0,5696.0,2,42950,384
1784229795.9423473,428.0088863054911,3.561767578125,4.691181182861328,59.57666015625,7086.0,7086.0,140.01025390625,4878.0,5696.0,2,43000,384
1784229824.9784558,428.49282144705455,3.561767578125,4.664142608642578,59.57666015625,7086.0,7086.0,140.01025390625,4878.0,5696.0,2,43050,384
1784229853.8761926,428.9744503935178,3.561767578125,4.689048767089844,59.57666015625,7086.0,7086.0,140.01025390625,4878.0,5696.0,2,43100,384
1784229882.9490514,429.45899804433185,3.5619277954101562,4.685596466064453,59.57666015625,7086.0,7086.0,140.01025390625,4878.0,5696.0,2,43150,384
1784229912.0175512,429.94347303708395,3.5619277954101562,4.67791748046875,59.57666015625,7086.0,7086.0,140.01025390625,4878.0,5696.0,2,43200,384
1784229941.1185222,430.42848922014235,3.5619277954101562,4.676639556884766,59.57666015625,7086.0,7086.0,140.01025390625,4878.0,5696.0,2,43250,384
1784229969.991337,430.909702805678,3.5306739807128906,4.665657043457031,59.57666015625,7086.0,7086.0,140.01025390625,4878.0,5696.0,2,43300,384
1784229999.114603,431.39509056806565,3.5619277954101562,4.6901397705078125,59.57666015625,7086.0,7086.0,140.01025390625,4878.0,5696.0,2,43350,384
1784230028.2015793,431.8798735102018,3.5619277954101562,4.682224273681641,59.57666015625,7086.0,7086.0,140.01025390625,4878.0,5696.0,2,43400,384
1784230056.9051778,432.3582668185234,3.5619277954101562,4.69097900390625,59.13916015625,7086.0,7086.0,140.76025390625,4878.0,5696.0,2,43450,384
1784230086.2212565,432.8468681295713,3.5619277954101562,4.687049865722656,59.57666015625,7086.0,7086.0,140.01025390625,4878.0,5696.0,2,43500,384
1784230115.3384855,433.33215528329214,3.5619277954101562,4.673881530761719,59.57666015625,7086.0,7086.0,140.01025390625,4878.0,5696.0,2,43550,384
1784230144.4627411,433.8175595442454,3.5619277954101562,4.679546356201172,59.57666015625,7086.0,7086.0,140.01025390625,4878.0,5696.0,2,43600,384
1784230173.3632643,434.2992349267006,3.5619277954101562,4.685333251953125,59.57666015625,7086.0,7086.0,140.01025390625,4878.0,5696.0,2,43650,384
1784230202.5685182,434.7859891573588,3.5306739807128906,4.644309997558594,59.57666015625,7086.0,7086.0,140.01025390625,4878.0,5696.0,2,43700,384
1784230231.7680721,435.27264838616054,3.5619277954101562,4.671726226806641,59.57666015625,7086.0,7086.0,140.01025390625,4878.0,5696.0,2,43750,384
1784230260.9656844,435.7592752615611,3.5619277954101562,4.671497344970703,59.57666015625,7086.0,7086.0,140.01025390625,4878.0,5696.0,2,43800,384
1784230289.9363904,436.24212036132815,3.5619277954101562,4.682342529296875,59.57666015625,7086.0,7086.0,140.01025390625,4878.0,5696.0,2,43850,384
1784230319.022655,436.7268914341927,3.5619277954101562,4.680225372314453,59.57666015625,7086.0,7086.0,140.01025390625,4878.0,5696.0,2,43900,384
1784230347.9922073,437.20971730550133,3.5619277954101562,4.682796478271484,59.57666015625,7086.0,7086.0,140.01025390625,4878.0,5696.0,2,43950,384
1784230376.5514925,437.6857053955396,3.5619277954101562,4.679389953613281,59.13916015625,7086.0,7086.0,140.76025390625,4878.0,5696.0,2,44000,384
1784230406.0609431,438.17752957344055,3.593181610107422,4.71337890625,59.57666015625,7086.0,7086.0,140.01025390625,4878.0,5696.0,2,44050,384
1784230435.0384076,438.6604873140653,3.593181610107422,4.721431732177734,59.57666015625,7086.0,7086.0,140.01025390625,4878.0,5696.0,2,44100,384
1784230464.0443637,439.14391992092135,3.593181610107422,4.7249298095703125,59.57666015625,7086.0,7086.0,140.01025390625,4878.0,5696.0,2,44150,384
1784230492.8671613,439.62429987986883,3.5619277954101562,4.704311370849609,59.57666015625,7086.0,7086.0,140.01025390625,4878.0,5696.0,2,44200,384
1784230521.927211,440.10863403876624,3.5619277954101562,4.692569732666016,59.57666015625,7086.0,7086.0,140.01025390625,4878.0,5696.0,2,44250,384
1784230550.9930182,440.59306415716804,3.5619277954101562,4.690456390380859,59.57666015625,7086.0,7086.0,140.01025390625,4878.0,5696.0,2,44300,384
1784230580.0673969,441.0776371359825,3.5619277954101562,4.6938323974609375,59.57666015625,7086.0,7086.0,140.01025390625,4878.0,5696.0,2,44350,384
1784230609.0079746,441.5599801023801,3.593181610107422,4.751106262207031,59.57666015625,7086.0,7086.0,140.01025390625,4878.0,5696.0,2,44400,384
1784230638.0499332,442.04401274522144,3.593181610107422,4.731342315673828,59.57666015625,7086.0,7086.0,140.01025390625,4878.0,5696.0,2,44450,384
1784230667.0236807,442.5269085407257,3.593181610107422,4.732078552246094,59.57666015625,7086.0,7086.0,140.01025390625,4878.0,5696.0,2,44500,384
1784230695.609162,443.00333322286605,3.593181610107422,4.723537445068359,59.13916015625,7086.0,7086.0,140.76025390625,4878.0,5696.0,2,44550,384
1784230724.772716,443.48939245144527,3.5619277954101562,4.698802947998047,59.57666015625,7086.0,7086.0,140.01025390625,4878.0,5696.0,2,44600,384
1784230753.7534082,443.9724039912224,3.5619277954101562,4.691162109375,59.57666015625,7086.0,7086.0,140.01025390625,4878.0,5696.0,2,44650,384
1784230782.8028502,444.45656135876976,3.5619277954101562,4.6898193359375,59.57666015625,7086.0,7086.0,140.01025390625,4878.0,5696.0,2,44700,384
1784230811.6877713,444.9379767139753,3.593181610107422,4.756935119628906,59.57666015625,7086.0,7086.0,140.01025390625,4878.0,5696.0,2,44750,384
1784230840.6929777,445.4213968157768,3.593181610107422,4.721397399902344,59.57666015625,7086.0,7086.0,140.01025390625,4878.0,5696.0,2,44800,384
1784230869.6956127,445.9047740618388,3.593181610107422,4.720710754394531,59.57666015625,7086.0,7086.0,140.01025390625,4878.0,5696.0,2,44850,384
1784230898.7884161,446.3896541277567,3.593181610107422,4.706325531005859,59.57666015625,7086.0,7086.0,140.01025390625,4878.0,5696.0,2,44900,384
1784230927.6825616,446.8712232152621,3.5619277954101562,4.6790924072265625,59.57666015625,7086.0,7086.0,140.01025390625,4878.0,5696.0,2,44950,384
1784230956.813704,447.356742254893,3.5619277954101562,4.700096130371094,59.57666015625,7086.0,7086.0,140.01025390625,4878.0,5696.0,2,45000,384
1784230985.82269,447.8402253548304,3.5619277954101562,4.693962097167969,59.57666015625,7086.0,7086.0,140.01025390625,4878.0,5696.0,2,45050,384
1784231014.4721568,448.3177164634069,3.5619277954101562,4.680149078369141,59.13916015625,7086.0,7086.0,140.76025390625,4878.0,5696.0,2,45100,384
1784231043.8119621,448.80671322345734,3.593181610107422,4.733028411865234,59.57666015625,7086.0,7086.0,140.01025390625,4878.0,5696.0,2,45150,384
1784231072.9425821,449.2922235528628,3.593181610107422,4.732574462890625,59.57666015625,7086.0,7086.0,140.01025390625,4878.0,5696.0,2,45200,384
1784231102.052572,449.7773900548617,3.593181610107422,4.714923858642578,59.57666015625,7086.0,7086.0,140.01025390625,4878.0,5696.0,2,45250,384
1784231130.953103,450.2590655644735,3.5619277954101562,4.7238311767578125,59.57666015625,7086.0,7086.0,140.01025390625,4878.0,5696.0,2,45300,384
1784231160.0564153,450.7441207766533,3.5619277954101562,4.69317626953125,59.57666015625,7086.0,7086.0,140.01025390625,4878.0,5696.0,2,45350,384
1784231189.1198733,451.2285117506981,3.5619277954101562,4.690540313720703,59.57666015625,7086.0,7086.0,140.01025390625,4878.0,5696.0,2,45400,384
1784231218.1909487,451.71302966276807,3.5619277954101562,4.6942901611328125,59.57666015625,7086.0,7086.0,140.01025390625,4878.0,5696.0,2,45450,384
1784231247.0527694,452.1940600156784,3.593181610107422,4.742473602294922,59.57666015625,7086.0,7086.0,140.01025390625,4878.0,5696.0,2,45500,384
1784231276.0720954,452.67771544853844,3.593181610107422,4.737861633300781,59.57666015625,7086.0,7086.0,140.01025390625,4878.0,5696.0,2,45550,384
1784231305.128893,453.1619954029719,3.593181610107422,4.727252960205078,59.57666015625,7086.0,7086.0,140.01025390625,4878.0,5696.0,2,45600,384
1784231333.6844466,453.63792129357654,3.593181610107422,4.727272033691406,59.13916015625,7086.0,7086.0,140.76025390625,4878.0,5696.0,2,45650,384
1784231362.906882,454.1249618927638,3.5619277954101562,4.6933441162109375,59.57666015625,7086.0,7086.0,140.01025390625,4878.0,5696.0,2,45700,384
1784231391.9220116,454.60854738156,3.5619277954101562,4.692493438720703,59.57666015625,7086.0,7086.0,140.01025390625,4878.0,5696.0,2,45750,384
1784231420.8918233,455.0913775841395,3.5619277954101562,4.691608428955078,59.57666015625,7086.0,7086.0,140.01025390625,4878.0,5696.0,2,45800,384
1784231449.7731578,455.5727331519127,3.593181610107422,4.7371063232421875,59.57666015625,7086.0,7086.0,140.01025390625,4878.0,5696.0,2,45850,384
1784231478.8416831,456.05720857381823,3.593181610107422,4.724910736083984,59.57666015625,7086.0,7086.0,140.01025390625,4878.0,5696.0,2,45900,384
1784231507.9554944,456.5424387613932,3.593181610107422,4.723442077636719,59.57666015625,7086.0,7086.0,140.01025390625,4878.0,5696.0,2,45950,384
1784231537.1456182,457.02894082069395,3.593181610107422,4.723140716552734,59.57666015625,7086.0,7086.0,140.01025390625,4878.0,5696.0,2,46000,384
1784231566.067237,457.5109678030014,3.5619277954101562,4.692882537841797,59.57666015625,7086.0,7086.0,140.01025390625,4878.0,5696.0,2,46050,384
1784231595.2623255,457.9975526094437,3.5619277954101562,4.688896179199219,59.57666015625,7086.0,7086.0,140.01025390625,4878.0,5696.0,2,46100,384
1784231624.4896512,458.4846747120221,3.5619277954101562,4.699440002441406,59.57666015625,7086.0,7086.0,140.01025390625,4878.0,5696.0,2,46150,384
1784231653.309167,458.96499997377396,3.5619277954101562,4.686981201171875,59.13916015625,7086.0,7086.0,140.76025390625,4878.0,5696.0,2,46200,384
1784231682.776343,459.4561195731163,3.593181610107422,4.719429016113281,59.57666015625,7086.0,7086.0,140.01025390625,4878.0,5696.0,2,46250,384
1784231711.97507,459.9427650173505,3.593181610107422,4.732292175292969,59.57666015625,7086.0,7086.0,140.01025390625,4878.0,5696.0,2,46300,384
1784231741.1796954,460.4295087734858,3.593181610107422,4.726634979248047,59.57666015625,7086.0,7086.0,140.01025390625,4878.0,5696.0,2,46350,384
1784231770.0621235,460.9108825763067,3.5619277954101562,4.695705413818359,59.57666015625,7086.0,7086.0,140.01025390625,4878.0,5696.0,2,46400,384
1784231799.0388167,461.39382747014366,3.5619277954101562,4.710750579833984,59.57666015625,7086.0,7086.0,140.01025390625,4878.0,5696.0,2,46450,384
1784231827.9915059,461.87637228568394,3.5619277954101562,4.6964111328125,59.57666015625,7086.0,7086.0,140.01025390625,4878.0,5696.0,2,46500,384
1784231856.9944983,462.3597554882368,3.5619277954101562,4.669689178466797,59.57666015625,7086.0,7086.0,140.01025390625,4878.0,5696.0,2,46550,384
1784231885.7830744,462.8395651022593,3.593181610107422,4.7451019287109375,59.57666015625,7086.0,7086.0,140.01025390625,4878.0,5696.0,2,46600,384
1784231914.785978,463.3229468226433,3.593181610107422,4.725547790527344,59.57666015625,7086.0,7086.0,140.01025390625,4878.0,5696.0,2,46650,384
1784231943.75707,463.80579854647317,3.593181610107422,4.713443756103516,59.57666015625,7086.0,7086.0,140.01025390625,4878.0,5696.0,2,46700,384
1784231972.3821719,464.28288338581723,3.593181610107422,4.711574554443359,59.13916015625,7086.0,7086.0,140.76025390625,4878.0,5696.0,2,46750,384
1784232001.624285,464.77025193770726,3.5619277954101562,4.692329406738281,59.57666015625,7086.0,7086.0,140.01025390625,4878.0,5696.0,2,46800,384
1784232030.6749234,465.25442924896873,3.5619277954101562,4.676593780517578,59.57666015625,7086.0,7086.0,140.01025390625,4878.0,5696.0,2,46850,384
1784232059.7395377,465.7388394792875,3.5619277954101562,4.690238952636719,59.57666015625,7086.0,7086.0,140.01025390625,4878.0,5696.0,2,46900,384
1784232088.6193027,466.2201689004898,3.593181610107422,4.7030181884765625,59.57666015625,7086.0,7086.0,140.01025390625,4878.0,5696.0,2,46950,384
1784232117.6816418,466.7045412182808,3.593181610107422,4.740516662597656,59.57666015625,7086.0,7086.0,140.01025390625,4878.0,5696.0,2,47000,384
1784232146.743792,467.18891038497287,3.593181610107422,4.716068267822266,59.57666015625,7086.0,7086.0,140.01025390625,4878.0,5696.0,2,47050,384
1784232175.8328135,467.67372741699216,3.593181610107422,4.726093292236328,59.57666015625,7086.0,7086.0,140.01025390625,4878.0,5696.0,2,47100,384
1784232204.6576996,468.1541421810786,3.5619277954101562,4.7064971923828125,59.57666015625,7086.0,7086.0,140.01025390625,4878.0,5696.0,2,47150,384
1784232233.732626,468.6387242794037,3.5619277954101562,4.684719085693359,59.57666015625,7086.0,7086.0,140.01025390625,4878.0,5696.0,2,47200,384
1784232262.8127413,469.1233928759893,3.5619277954101562,4.675048828125,59.57666015625,7086.0,7086.0,140.01025390625,4878.0,5696.0,2,47250,384
1784232291.4162712,469.6001183708509,3.5619277954101562,4.682178497314453,59.13916015625,7086.0,7086.0,140.76025390625,4878.0,5696.0,2,47300,384
1784232320.7588506,470.0891613602638,3.593181610107422,4.709625244140625,59.57666015625,7086.0,7086.0,140.01025390625,4878.0,5696.0,2,47350,384
1784232349.837523,470.57380590438845,3.593181610107422,4.737171173095703,59.57666015625,7086.0,7086.0,140.01025390625,4878.0,5696.0,2,47400,384
1784232378.8674545,471.0576380968094,3.593181610107422,4.727985382080078,59.57666015625,7086.0,7086.0,140.01025390625,4878.0,5696.0,2,47450,384
1784232407.7303872,471.5386869708697,3.5619277954101562,4.6997833251953125,59.57666015625,7086.0,7086.0,140.01025390625,4878.0,5696.0,2,47500,384
1784232436.8045092,472.0232556700706,3.5619277954101562,4.69390869140625,59.57666015625,7086.0,7086.0,140.01025390625,4878.0,5696.0,2,47550,384
1784232465.8886487,472.5079913338025,3.5619277954101562,4.689495086669922,59.57666015625,7086.0,7086.0,140.01025390625,4878.0,5696.0,2,47600,384
1784232494.9982092,472.9931506713231,3.5619277954101562,4.689662933349609,59.57666015625,7086.0,7086.0,140.01025390625,4878.0,5696.0,2,47650,384
1784232523.8430889,473.4738986690839,3.593181610107422,4.741573333740234,59.57666015625,7086.0,7086.0,140.01025390625,4878.0,5696.0,2,47700,384
1784232552.9047275,473.9582593123118,3.593181610107422,4.722282409667969,59.57666015625,7086.0,7086.0,140.01025390625,4878.0,5696.0,2,47750,384
1784232582.0196104,474.4435073574384,3.593181610107422,4.717899322509766,59.57666015625,7086.0,7086.0,140.01025390625,4878.0,5696.0,2,47800,384
1784232610.7849998,474.92293052275977,3.593181610107422,4.721107482910156,59.13916015625,7086.0,7086.0,140.76025390625,4878.0,5696.0,2,47850,384
1784232640.1867313,475.41295937697095,3.5619277954101562,4.689659118652344,59.57666015625,7086.0,7086.0,140.01025390625,4878.0,5696.0,2,47900,384
1784232669.4052126,475.89993406534194,3.5619277954101562,4.685405731201172,59.57666015625,7086.0,7086.0,140.01025390625,4878.0,5696.0,2,47950,384
1784232698.5617049,476.38587560653684,3.5619277954101562,4.684059143066406,59.57666015625,7086.0,7086.0,140.01025390625,4878.0,5696.0,2,48000,384
1784232727.7335572,476.8720731417338,3.5619277954101562,4.7085113525390625,59.57666015625,7086.0,7086.0,140.01025390625,4878.0,5696.0,2,48050,384
1784232756.893736,477.3580761194229,3.5619277954101562,4.712882995605469,59.57666015625,7086.0,7086.0,140.01025390625,4878.0,5696.0,2,48100,384
1784232786.009175,477.8433334350586,3.5619277954101562,4.6966400146484375,59.57666015625,7086.0,7086.0,140.01025390625,4878.0,5696.0,2,48150,384
1784232815.1978762,478.32981179157895,3.5619277954101562,4.707019805908203,59.57666015625,7086.0,7086.0,140.01025390625,4878.0,5696.0,2,48200,384
1784232844.049932,478.81067939599353,3.5619277954101562,4.681674957275391,59.57666015625,7086.0,7086.0,140.01025390625,4878.0,5696.0,2,48250,384
1784232873.1462357,479.29561777909595,3.5619277954101562,4.695220947265625,59.57666015625,7086.0,7086.0,140.01025390625,4878.0,5696.0,2,48300,384
1784232902.301698,479.7815421621005,3.5619277954101562,4.682735443115234,59.57666015625,7086.0,7086.0,140.01025390625,4878.0,5696.0,2,48350,384
1784238443.2515178,5.954124852021535,3.2981643676757812,4.441070556640625,59.57666015625,6046.0,6066.0,139.26025390625,5186.0,5186.0,2,48500,384
1784238730.9829369,10.749648503462474,3.2616043090820312,4.4116058349609375,59.57666015625,6046.0,6066.0,139.26025390625,5186.0,5186.0,2,49000,384
1784239016.4722087,15.507803034782409,3.2670822143554688,4.436454772949219,59.57666015625,6046.0,6066.0,139.26025390625,5186.0,5186.0,2,49500,384
1784239302.6060886,20.276701033115387,3.290393829345703,4.409687042236328,59.57666015625,6046.0,6066.0,139.26025390625,5186.0,5186.0,2,50000,384
1784239591.1291194,25.08541821241379,3.3347549438476562,4.471183776855469,59.57666015625,6046.0,6066.0,139.26025390625,5186.0,5186.0,2,50500,384
1784239878.756504,29.87920794884364,3.3347549438476562,4.476566314697266,59.57666015625,6046.0,6066.0,139.26025390625,5186.0,5186.0,2,51000,384
1784240164.402299,34.639971200625105,3.3347549438476562,4.483211517333984,59.57666015625,6046.0,6066.0,139.26025390625,5186.0,5186.0,2,51500,384
1784240447.3853343,39.35635512272517,3.3347549438476562,4.4722900390625,59.57666015625,6046.0,6066.0,139.26025390625,5186.0,5186.0,2,52000,384
1784240730.669141,44.07775190273921,3.3348426818847656,4.444629669189453,59.57666015625,6046.0,6066.0,139.26025390625,5186.0,5186.0,2,52500,384
1784241015.2755263,48.821191656589505,3.3348426818847656,4.46600341796875,59.57666015625,6046.0,6066.0,139.26025390625,5186.0,5186.0,2,53000,384
1784241299.151594,53.55245945056279,3.3348426818847656,4.4527130126953125,59.45166015625,6046.0,6066.0,140.76025390625,5186.0,5186.0,2,53500,384
1784241581.8208232,58.2636132756869,3.3348426818847656,4.477424621582031,59.57666015625,6046.0,6066.0,139.26025390625,5186.0,5186.0,2,54000,384
1784241861.8157294,62.93019504149755,3.3348426818847656,4.472850799560547,59.57666015625,6046.0,6066.0,139.26025390625,5186.0,5186.0,2,54500,384
1784363087.7945294,5.573321795463562,3.2097129821777344,4.5246734619140625,59.57666015625,6046.0,6210.0,138.38525390625,5166.0,5166.0,2,54500,384
1784363352.6600754,9.987747553984324,3.2096710205078125,4.555118560791016,59.57666015625,6046.0,6210.0,138.38525390625,5166.0,5166.0,2,55000,384
1784363617.273952,14.397978830337525,3.2386474609375,4.584815979003906,59.57666015625,6046.0,6210.0,138.38525390625,5166.0,5166.0,2,55500,384
1784363881.0805304,18.79475514094035,3.2127342224121094,4.536533355712891,59.57666015625,6046.0,6210.0,138.38525390625,5166.0,5166.0,2,56000,384
1784364144.5711405,23.18626530567805,3.2486648559570312,4.568328857421875,59.57666015625,6046.0,6210.0,138.38525390625,5166.0,5166.0,2,56500,384
1784364407.5958478,27.57001042366028,3.2486648559570312,4.550922393798828,59.57666015625,6046.0,6210.0,138.38525390625,5166.0,5166.0,2,57000,384
1784364671.2473316,31.96420182387034,3.2486648559570312,4.58453369140625,59.57666015625,6046.0,6210.0,138.38525390625,5166.0,5166.0,2,57500,384
1784364934.4600558,36.3510805606842,3.2486648559570312,4.568336486816406,59.57666015625,6046.0,6210.0,138.38525390625,5166.0,5166.0,2,58000,384
1784365198.8034515,40.75680382649104,3.2548980712890625,4.584682464599609,59.57666015625,6046.0,6210.0,138.38525390625,5166.0,5166.0,2,58500,384
1784365462.8723502,45.157952137788136,3.2548980712890625,4.567897796630859,59.57666015625,6046.0,6210.0,138.38525390625,5166.0,5166.0,2,59000,384
1784365725.8251624,49.54049900372823,3.2548980712890625,4.5649261474609375,59.45166015625,6046.0,6210.0,138.51025390625,5166.0,5166.0,2,59500,384
1784365990.0902777,53.94491759538651,3.2548980712890625,4.392372131347656,59.57666015625,6046.0,6210.0,138.38525390625,5166.0,5166.0,2,60000,384
1784366254.4594681,58.35107076962789,3.2548980712890625,4.404571533203125,59.57666015625,6046.0,6210.0,138.38525390625,5166.0,5166.0,2,60500,384
1784366518.1911755,62.74659922122955,3.2548980712890625,4.424152374267578,59.57666015625,6046.0,6210.0,138.38525390625,5166.0,5166.0,2,61000,384
1784366781.5385716,67.13572249412536,3.2548980712890625,4.389430999755859,59.57666015625,6046.0,6210.0,138.38525390625,5166.0,5166.0,2,61500,384
1784367045.2105606,71.53025564750035,3.2548980712890625,4.401161193847656,59.57666015625,6046.0,6210.0,138.38525390625,5166.0,5166.0,2,62000,384
1784367308.9317875,75.92560942570368,3.286151885986328,4.451694488525391,59.57666015625,6046.0,6210.0,138.38525390625,5166.0,5166.0,2,62500,384
1784367572.4663897,80.3178527990977,3.2548980712890625,4.4129638671875,59.57666015625,6046.0,6210.0,138.38525390625,5166.0,5166.0,2,63000,384
1784367837.3249085,84.73216145435968,3.2548980712890625,4.385540008544922,59.57666015625,6046.0,6210.0,138.38525390625,5166.0,5166.0,2,63500,384
1784368101.400581,89.13342265288036,3.286151885986328,4.448585510253906,59.57666015625,6046.0,6210.0,138.38525390625,5166.0,5166.0,2,64000,384
1784368366.4947946,93.55165954430898,3.286151885986328,4.471343994140625,59.57666015625,6046.0,6210.0,138.38525390625,5166.0,5166.0,2,64500,384
1784368632.5839834,97.98647935390473,3.286151885986328,4.4215545654296875,59.45166015625,6046.0,6210.0,138.51025390625,5166.0,5166.0,2,65000,384
1784368896.9475057,102.39253806670507,3.286151885986328,4.424503326416016,59.57666015625,6046.0,6210.0,138.38525390625,5166.0,5166.0,2,65500,384
1784369160.682683,106.78812435468038,3.286151885986328,4.450584411621094,59.57666015625,6046.0,6210.0,138.38525390625,5166.0,5166.0,2,66000,384
1784369426.5157363,111.21867523988088,3.2548980712890625,4.387123107910156,59.57666015625,6046.0,6210.0,138.38525390625,5166.0,5166.0,2,66500,384
1784369693.0089548,115.66022888422012,3.2548980712890625,4.3822174072265625,59.57666015625,6046.0,6210.0,138.38525390625,5166.0,5166.0,2,67000,384
1784369956.3753567,120.0496689081192,3.286151885986328,4.451137542724609,59.57666015625,6046.0,6210.0,138.38525390625,5166.0,5166.0,2,67500,384
1784370219.9602327,124.44275017579396,3.2548980712890625,4.3768768310546875,59.57666015625,6046.0,6210.0,138.38525390625,5166.0,5166.0,2,68000,384
1784370483.873873,128.84131084680558,3.286151885986328,4.466457366943359,59.57666015625,6046.0,6210.0,138.38525390625,5166.0,5166.0,2,68500,384
1784370747.5455317,133.23583849668503,3.286151885986328,4.426307678222656,59.57666015625,6046.0,6210.0,138.38525390625,5166.0,5166.0,2,69000,384
1784371011.5896478,137.63657376766204,3.2548980712890625,4.411808013916016,59.57666015625,6046.0,6210.0,138.38525390625,5166.0,5166.0,2,69500,384
1784371274.9331431,142.0256320198377,3.286151885986328,4.445587158203125,59.57666015625,6046.0,6210.0,138.38525390625,5166.0,5166.0,2,70000,384
1784371538.1395953,146.41240622202557,3.2986068725585938,4.435863494873047,59.45166015625,6046.0,6210.0,138.51025390625,5166.0,5166.0,2,70500,384
1784371836.2685602,151.3812223037084,3.475006103515625,4.622627258300781,59.57666015625,6046.0,6210.0,137.88525390625,4886.0,5680.0,3,71000,384
1784372093.5345948,155.6689895470937,3.475208282470703,4.6038055419921875,59.57666015625,6046.0,6210.0,137.88525390625,4886.0,5680.0,3,71500,384
1784372350.770232,159.95625017086664,3.475208282470703,4.603641510009766,59.57666015625,6046.0,6210.0,137.88525390625,4886.0,5680.0,3,72000,384
1784372614.4047341,164.35015853246054,3.5076866149902344,4.634326934814453,59.57666015625,6046.0,6210.0,137.88525390625,4886.0,5680.0,3,72500,384
1784372871.5510857,168.63593106667201,3.4764328002929688,4.630168914794922,59.57666015625,6046.0,6210.0,137.88525390625,4886.0,5680.0,3,73000,384
1784373128.6483397,172.92088529666265,3.5076866149902344,4.6515960693359375,59.57666015625,6046.0,6210.0,137.88525390625,4886.0,5680.0,3,73500,384
1784373385.7116508,177.20527381102244,3.4764328002929688,4.618934631347656,59.57666015625,6046.0,6210.0,137.88525390625,4886.0,5680.0,3,74000,384
1784373650.3865814,181.61652265787126,3.5386428833007812,4.659687042236328,59.57666015625,6046.0,6210.0,137.88525390625,4886.0,5680.0,3,74500,384
1784373907.1363978,185.89568626085918,3.5073890686035156,4.632495880126953,59.57666015625,6046.0,6210.0,137.88525390625,4886.0,5680.0,3,75000,384
1784374163.8146994,190.17365796168644,3.5073890686035156,4.620319366455078,59.57666015625,6046.0,6210.0,137.88525390625,4886.0,5680.0,3,75500,384
1784374420.2215014,194.4471046527227,3.5073890686035156,4.650535583496094,59.45166015625,6046.0,6210.0,138.51025390625,4886.0,5680.0,3,76000,384
1784374678.6238492,198.75381045341493,3.5075149536132812,4.640880584716797,59.57666015625,6046.0,6210.0,137.88525390625,4886.0,5680.0,3,76500,384
1784374935.0592752,203.02773422400156,3.5075149536132812,4.643321990966797,59.57666015625,6046.0,6210.0,137.88525390625,4886.0,5680.0,3,77000,384
1784375191.6367853,207.30402605136234,3.5075149536132812,4.656078338623047,59.57666015625,6046.0,6210.0,137.88525390625,4886.0,5680.0,3,77500,384
1784375448.2557576,211.5810089270274,3.5075149536132812,4.6505126953125,59.57666015625,6046.0,6210.0,137.88525390625,4886.0,5680.0,3,78000,384
1784375706.435141,215.88399864832562,3.507617950439453,4.6397247314453125,59.57666015625,6046.0,6210.0,137.88525390625,4886.0,5680.0,3,78500,384
1784375963.4073992,220.16686962048212,3.507617950439453,4.658023834228516,59.57666015625,6046.0,6210.0,137.88525390625,4886.0,5680.0,3,79000,384
1784376220.496145,224.4516820549965,3.5388717651367188,4.681491851806641,59.57666015625,6046.0,6210.0,137.88525390625,4886.0,5680.0,3,79500,384
1784376477.6869886,228.7381961107254,3.507617950439453,4.650852203369141,59.57666015625,6046.0,6210.0,137.88525390625,4886.0,5680.0,3,80000,384
1784376735.1552155,233.02933322985967,3.507617950439453,4.630290985107422,59.57666015625,6046.0,6210.0,137.88525390625,4886.0,5680.0,3,80500,384
1784376992.085196,237.31149956385295,3.507617950439453,4.6353607177734375,59.57666015625,6046.0,6210.0,137.88525390625,4886.0,5680.0,3,81000,384
1784377248.9294167,241.5922365784645,3.507617950439453,4.646190643310547,59.45166015625,6046.0,6210.0,138.51025390625,4886.0,5680.0,3,81500,384
1784377506.282898,245.88146126667658,3.507617950439453,4.6367340087890625,59.57666015625,6046.0,6210.0,137.88525390625,4886.0,5680.0,3,82000,384
1784377763.6697829,250.17124267816544,3.5076522827148438,4.647972106933594,59.57666015625,6046.0,6210.0,137.88525390625,4886.0,5680.0,3,82500,384
1784378020.6421335,254.45411519209543,3.5389060974121094,4.688133239746094,59.57666015625,6046.0,6210.0,137.88525390625,4886.0,5680.0,3,83000,384
1784378277.7389815,258.7390626589457,3.5076522827148438,4.6365509033203125,59.57666015625,6046.0,6210.0,137.88525390625,4886.0,5680.0,3,83500,384
1784378534.7492616,263.0225673317909,3.5389060974121094,4.670444488525391,59.57666015625,6046.0,6210.0,137.88525390625,4886.0,5680.0,3,84000,384
1784378791.6625736,267.30445586045585,3.5389060974121094,4.666984558105469,59.57666015625,6046.0,6210.0,137.88525390625,4886.0,5680.0,3,84500,384
1784379048.4077435,271.58354202111565,3.5076522827148438,4.636798858642578,59.57666015625,6046.0,6210.0,137.88525390625,4886.0,5680.0,3,85000,384
1784379305.3016677,275.8651074250539,3.5076522827148438,4.617164611816406,59.57666015625,6046.0,6210.0,137.88525390625,4886.0,5680.0,3,85500,384
1784379561.948937,280.1425619204839,3.5076522827148438,4.627651214599609,59.57666015625,6046.0,6210.0,137.88525390625,4886.0,5680.0,3,86000,384
1784379819.0261195,284.4271816293398,3.5076522827148438,4.651771545410156,59.57666015625,6046.0,6210.0,137.88525390625,4886.0,5680.0,3,86500,384
1784380075.8027792,288.7067926208178,3.5076522827148438,4.646656036376953,59.45166015625,6046.0,6210.0,138.51025390625,4886.0,5680.0,3,87000,384
1784380351.9904509,293.3099204858144,3.5076522827148438,4.652408599853516,59.57666015625,7074.0,7074.0,137.88525390625,4886.0,5680.0,4,87500,384
1784380609.1307127,297.59559150934217,3.5076522827148438,4.651741027832031,59.57666015625,7074.0,7074.0,137.88525390625,4886.0,5680.0,4,88000,384
1784380866.5069253,301.8851950565974,3.5389060974121094,4.682586669921875,59.57666015625,7074.0,7074.0,137.88525390625,4886.0,5680.0,4,88500,384
1784381123.724742,306.17215866645176,3.5389060974121094,4.691936492919922,59.57666015625,7074.0,7074.0,137.88525390625,4886.0,5680.0,4,89000,384
1784381380.7854874,310.45650442838667,3.5076522827148438,4.658924102783203,59.57666015625,7074.0,7074.0,137.88525390625,4886.0,5680.0,4,89500,384
1784381637.930724,314.74225836197536,3.5389060974121094,4.685081481933594,59.57666015625,7074.0,7074.0,137.88525390625,4886.0,5680.0,4,90000,384
1784381895.5264704,319.035520807902,3.5389060974121094,4.688251495361328,59.57666015625,7074.0,7074.0,137.88525390625,4886.0,5680.0,4,90500,384
1784382153.0022495,323.3267837921778,3.5389060974121094,4.6703033447265625,59.57666015625,7074.0,7074.0,137.88525390625,4886.0,5680.0,4,91000,384
1784382410.3156908,327.6153411507606,3.5389060974121094,4.688785552978516,59.57666015625,7074.0,7074.0,137.88525390625,4886.0,5680.0,4,91500,384
1784382667.7093492,331.9052354494731,3.5389060974121094,4.7042694091796875,59.57666015625,7074.0,7074.0,137.88525390625,4886.0,5680.0,4,92000,384
1784382925.108659,336.19522395531334,3.5190773010253906,4.648609161376953,59.45166015625,7074.0,7074.0,138.51025390625,4886.0,5680.0,4,92500,384
1784383182.8302457,340.49058372974395,3.5503311157226562,4.690330505371094,59.57666015625,7074.0,7074.0,137.88525390625,4886.0,5680.0,4,93000,384
1784383439.9680223,344.7762133359909,3.5503311157226562,4.705467224121094,59.57666015625,7074.0,7074.0,137.88525390625,4886.0,5680.0,4,93500,384
1784383697.3380697,349.06571412881215,3.5190773010253906,4.674468994140625,59.57666015625,7074.0,7074.0,137.88525390625,4886.0,5680.0,4,94000,384
1784383955.177007,353.3630297462145,3.5641441345214844,4.6993408203125,59.57666015625,7074.0,7074.0,137.88525390625,4886.0,5680.0,4,94500,384
1784384212.4874792,357.6515376170476,3.5328903198242188,4.654911041259766,59.57666015625,7074.0,7074.0,137.88525390625,4886.0,5680.0,4,95000,384
1784384469.8728921,361.94129450321196,3.5641441345214844,4.701061248779297,59.57666015625,7074.0,7074.0,137.88525390625,4886.0,5680.0,4,95500,384
1784386245.260356,5.782776606082916,3.257160186767578,4.553966522216797,59.57666015625,6046.0,6066.0,138.38525390625,5166.0,5166.0,4,94500,384
1784386513.6774297,10.256394505500793,3.260547637939453,4.566219329833984,59.57666015625,6046.0,6066.0,138.38525390625,5166.0,5166.0,4,95000,384
1784386780.843594,14.709163904190063,3.260547637939453,4.566436767578125,59.57666015625,6046.0,6066.0,138.38525390625,5166.0,5166.0,4,95500,384
1784387048.926458,19.17721164226532,3.260547637939453,4.543983459472656,59.57666015625,6046.0,6066.0,138.38525390625,5166.0,5166.0,4,96000,384
1784387317.8654394,23.65952800512314,3.2546958923339844,4.559837341308594,59.57666015625,6046.0,6066.0,138.38525390625,5166.0,5166.0,4,96500,384
1784387586.5008135,28.136784235636394,3.2860183715820312,4.5806427001953125,59.57666015625,6046.0,6066.0,138.38525390625,5166.0,5166.0,4,97000,384
1784387853.8766441,32.59304807186127,3.2861251831054688,4.597450256347656,59.57666015625,6046.0,6066.0,138.38525390625,5166.0,5166.0,4,97500,384
1784388121.8822737,37.059808572133385,3.2861251831054688,4.570732116699219,59.57666015625,6046.0,6066.0,138.38525390625,5166.0,5166.0,4,98000,384
1784388390.236987,41.53238711754481,3.2923202514648438,4.584300994873047,59.57666015625,6046.0,6066.0,138.38525390625,5166.0,5166.0,4,98500,384
1784388658.8341887,46.00900715192159,3.2923202514648438,4.603610992431641,59.57666015625,6046.0,6066.0,138.38525390625,5166.0,5166.0,4,99000,384
1784388927.146331,50.48087618748347,3.2923202514648438,4.568012237548828,59.45166015625,6046.0,6066.0,138.63525390625,5166.0,5166.0,4,99500,384
1784389195.9116375,54.96029796600342,3.2923202514648438,4.5958251953125,59.57666015625,6046.0,6066.0,138.38525390625,5166.0,5166.0,4,100000,384
1784389462.6417809,59.4058003505071,3.261077880859375,4.5567169189453125,59.57666015625,6046.0,6066.0,138.38525390625,5166.0,5166.0,4,100500,384
1784389730.5610826,63.8711220463117,3.2923316955566406,4.607784271240234,59.57666015625,6046.0,6066.0,138.38525390625,5166.0,5166.0,4,101000,384
1784389998.4300818,68.33560537099838,3.261077880859375,4.387237548828125,59.57666015625,6046.0,6066.0,138.38525390625,5166.0,5166.0,4,101500,384
1784390264.0037673,72.76183346112569,3.2923316955566406,4.41802978515625,59.57666015625,6046.0,6066.0,138.38525390625,5166.0,5166.0,4,102000,384
1784390530.192939,77.19831965764364,3.2923316955566406,4.424541473388672,59.57666015625,6046.0,6066.0,138.38525390625,5166.0,5166.0,4,102500,384
1784390797.472745,81.65298308928807,3.2923316955566406,4.438377380371094,59.57666015625,6046.0,6066.0,138.38525390625,5166.0,5166.0,4,103000,384
1784391064.2359264,86.09903610944748,3.2923316955566406,4.40673828125,59.57666015625,6046.0,6066.0,138.38525390625,5166.0,5166.0,4,103500,384
1784391330.837519,90.54239598910014,3.2923316955566406,4.425868988037109,59.57666015625,6046.0,6066.0,138.38525390625,5166.0,5166.0,4,104000,384
1784391596.1141925,94.96367387771606,3.286327362060547,4.424041748046875,59.57666015625,6046.0,6066.0,138.38525390625,5166.0,5166.0,4,104500,384
1784391859.647064,99.35588841040929,3.3175811767578125,4.444770812988281,59.45166015625,6046.0,6066.0,138.63525390625,5166.0,5166.0,4,105000,384
1784392124.150651,103.76428151925406,3.3175811767578125,4.455451965332031,59.57666015625,6046.0,6066.0,138.38525390625,5166.0,5166.0,4,105500,384
1784392388.2738256,108.1663344303767,3.3175811767578125,4.467212677001953,59.57666015625,6046.0,6066.0,138.38525390625,5166.0,5166.0,4,106000,384
1784392653.0858822,112.57986871004104,3.3175811767578125,4.457317352294922,59.57666015625,6046.0,6066.0,138.38525390625,5166.0,5166.0,4,106500,384
1784392918.8297622,117.00893338123957,3.3175811767578125,4.437339782714844,59.57666015625,6046.0,6066.0,138.38525390625,5166.0,5166.0,4,107000,384
1784393185.919013,121.46042089859644,3.3175811767578125,4.444423675537109,59.57666015625,6046.0,6066.0,138.38525390625,5166.0,5166.0,4,107500,384
1784393452.3076572,125.90023162762324,3.3175811767578125,4.429466247558594,59.57666015625,6046.0,6066.0,138.38525390625,5166.0,5166.0,4,108000,384
1784393719.1337383,130.34733297427496,3.317584991455078,4.457122802734375,59.57666015625,6046.0,6066.0,138.38525390625,5166.0,5166.0,4,108500,384
1784393986.2224822,134.7988120396932,3.317584991455078,4.443901062011719,59.57666015625,6046.0,6066.0,138.38525390625,5166.0,5166.0,4,109000,384
1784394252.5524917,139.2376455426216,3.3488388061523438,4.491016387939453,59.57666015625,6046.0,6066.0,138.38525390625,5166.0,5166.0,4,109500,384
1784394519.2678492,143.6829014937083,3.317584991455078,4.442035675048828,59.57666015625,6046.0,6066.0,138.38525390625,5166.0,5166.0,4,110000,384
1784394787.7007442,148.15678307215373,3.317596435546875,4.4300537109375,59.45166015625,6046.0,6066.0,138.63525390625,5166.0,5166.0,4,110500,384
1784395097.5224054,153.32047743002573,3.5042686462402344,4.644744873046875,59.57666015625,6046.0,6066.0,137.88525390625,4878.0,5680.0,5,111000,384
1784395363.8265579,157.7588799794515,3.5042686462402344,4.630039215087891,59.57666015625,6046.0,6066.0,137.88525390625,4878.0,5680.0,5,111500,384
